time,event_type,pair,side,price,size,is_snapshot,trade_id
2025-08-03 14:01:05.12764+00,book,btc_jpy,ask,16857500.000000,0.000000,true,
2025-08-03 14:01:05.12764+00,book,btc_jpy,ask,16857650.000000,0.000000,true,
2025-08-03 14:01:05.12764+00,book,btc_jpy,ask,16860587.000000,0.000000,true,
2025-08-03 14:01:05.12764+00,book,btc_jpy,ask,16857387.000000,0.030000,true,
2025-08-03 14:01:05.12764+00,book,btc_jpy,ask,16859324.000000,0.100000,true,
2025-08-03 14:01:05.12764+00,book,btc_jpy,ask,16867919.000000,0.065497,true,
2025-08-03 14:01:05.12764+00,book,btc_jpy,bid,16852499.000000,0.000000,true,
2025-08-03 14:01:05.12764+00,book,btc_jpy,bid,16851234.000000,0.000000,true,
2025-08-03 14:01:05.12764+00,book,btc_jpy,bid,16817845.000000,0.000000,true,
2025-08-03 14:01:05.12764+00,book,btc_jpy,bid,16852386.000000,0.030000,true,
2025-08-03 14:01:05.12764+00,book,btc_jpy,bid,16851923.000000,0.020000,true,
2025-08-03 14:01:05.12764+00,book,btc_jpy,bid,16810254.000000,0.002370,true,
2025-08-03 14:01:05.499474+00,book,btc_jpy,bid,16817844.000000,0.000000,true,
2025-08-03 14:01:05.499474+00,book,btc_jpy,bid,16851429.000000,0.000000,true,
2025-08-03 14:01:05.499474+00,book,btc_jpy,bid,16820088.000000,0.000000,true,
2025-08-03 14:01:05.499474+00,book,btc_jpy,bid,16810253.000000,0.002370,true,
2025-08-03 14:01:05.499474+00,book,btc_jpy,bid,16822087.000000,0.600000,true,
2025-08-03 14:01:05.499474+00,book,btc_jpy,ask,16857650.000000,0.100000,true,
2025-08-03 14:01:05.499474+00,book,btc_jpy,bid,16842600.000000,0.010000,true,
2025-08-03 14:01:05.499474+00,book,btc_jpy,bid,16847337.000000,0.018000,true,
2025-08-03 14:01:05.499474+00,book,btc_jpy,ask,16858696.000000,0.010000,true,
2025-08-03 14:01:05.499474+00,book,btc_jpy,ask,16861283.000000,0.020000,true,
2025-08-03 14:01:05.499474+00,book,btc_jpy,bid,16810250.000000,0.002370,true,
2025-08-03 14:01:05.499474+00,book,btc_jpy,bid,16852366.000000,0.010000,true,
2025-08-03 14:01:05.499474+00,book,btc_jpy,bid,16854210.000000,0.039945,true,
2025-08-03 14:01:05.499474+00,book,btc_jpy,bid,16817841.000000,0.000000,true,
2025-08-03 14:01:05.862636+00,book,btc_jpy,bid,16851274.000000,0.020000,true,
2025-08-03 14:01:05.862636+00,book,btc_jpy,ask,16860612.000000,0.020000,true,
2025-08-03 14:01:05.862636+00,book,btc_jpy,ask,16857650.000000,0.200000,true,
2025-08-03 14:01:05.862636+00,book,btc_jpy,ask,16857649.000000,0.060000,true,
2025-08-03 14:01:05.862636+00,book,btc_jpy,ask,16861283.000000,0.000000,true,
2025-08-03 14:01:05.862636+00,book,btc_jpy,ask,16859324.000000,0.000000,true,
2025-08-03 14:01:05.862636+00,book,btc_jpy,ask,16857387.000000,0.000000,true,
2025-08-03 14:01:05.862636+00,book,btc_jpy,bid,16851923.000000,0.000000,true,
2025-08-03 14:01:06.251303+00,book,btc_jpy,bid,16851519.000000,0.015000,true,
2025-08-03 14:01:06.251303+00,book,btc_jpy,ask,16864611.000000,0.015000,true,
2025-08-03 14:01:06.251303+00,book,btc_jpy,ask,16857687.000000,0.030000,true,
2025-08-03 14:01:06.251303+00,book,btc_jpy,ask,16857649.000000,0.010000,true,
2025-08-03 14:01:06.251303+00,book,btc_jpy,ask,16863954.000000,0.000000,true,
2025-08-03 14:01:06.251303+00,book,btc_jpy,bid,16822096.000000,0.002370,true,
2025-08-03 14:01:06.251303+00,book,btc_jpy,bid,16833951.000000,0.020000,true,
2025-08-03 14:01:06.251303+00,book,btc_jpy,bid,16840751.000000,0.035600,true,
2025-08-03 14:01:06.251303+00,book,btc_jpy,bid,16851436.000000,0.010000,true,
2025-08-03 14:01:06.251303+00,book,btc_jpy,bid,16852687.000000,0.030000,true,
2025-08-03 14:01:06.251303+00,book,btc_jpy,bid,16853801.000000,0.039945,true,
2025-08-03 14:01:06.251303+00,book,btc_jpy,bid,16854908.000000,0.040000,true,
2025-08-03 14:01:06.251303+00,book,btc_jpy,bid,16817843.000000,0.000000,true,
2025-08-03 14:01:06.251303+00,book,btc_jpy,bid,16839889.000000,0.000000,true,
2025-08-03 14:01:06.251303+00,book,btc_jpy,bid,16842600.000000,0.000000,true,
2025-08-03 14:01:06.251303+00,book,btc_jpy,bid,16844709.000000,0.000000,true,
2025-08-03 14:01:06.251303+00,book,btc_jpy,bid,16850874.000000,0.000000,true,
2025-08-03 14:01:06.251303+00,book,btc_jpy,bid,16852386.000000,0.000000,true,
2025-08-03 14:01:06.251303+00,book,btc_jpy,bid,16854210.000000,0.000000,true,
2025-08-03 14:01:06.609218+00,book,btc_jpy,bid,16852687.000000,0.000000,true,
2025-08-03 14:01:06.609218+00,book,btc_jpy,ask,16867919.000000,0.000000,true,
2025-08-03 14:01:06.609218+00,book,btc_jpy,ask,16857687.000000,0.000000,true,
2025-08-03 14:01:06.609218+00,book,btc_jpy,bid,16840316.000000,0.050000,true,
2025-08-03 14:01:06.609218+00,book,btc_jpy,bid,16851665.000000,0.010000,true,
2025-08-03 14:01:06.609218+00,book,btc_jpy,bid,16852366.000000,0.000000,true,
2025-08-03 14:01:06.991443+00,book,btc_jpy,ask,16933767.000000,0.000000,true,
2025-08-03 14:01:06.991443+00,book,btc_jpy,ask,16933764.000000,0.000000,true,
2025-08-03 14:01:06.991443+00,book,btc_jpy,ask,16933763.000000,0.000000,true,
2025-08-03 14:01:06.991443+00,book,btc_jpy,bid,16842600.000000,0.005000,true,
2025-08-03 14:01:06.991443+00,book,btc_jpy,bid,16852384.000000,0.030000,true,
2025-08-03 14:01:06.991443+00,book,btc_jpy,bid,16851024.000000,0.000000,true,
2025-08-03 14:01:06.991443+00,book,btc_jpy,bid,16833951.000000,0.000000,true,
2025-08-03 14:01:06.991443+00,book,btc_jpy,ask,16933756.000000,0.002370,true,
2025-08-03 14:01:06.991443+00,book,btc_jpy,bid,16854907.000000,0.000000,true,
2025-08-03 14:01:06.991443+00,book,btc_jpy,ask,16933753.000000,0.002370,true,
2025-08-03 14:01:06.991443+00,book,btc_jpy,ask,16933752.000000,0.002370,true,
2025-08-03 14:01:06.991443+00,book,btc_jpy,ask,16857384.000000,0.030000,true,
2025-08-03 14:01:07.355036+00,book,btc_jpy,ask,16857384.000000,0.000000,true,
2025-08-03 14:01:07.355036+00,book,btc_jpy,bid,16842600.000000,0.010000,true,
2025-08-03 14:01:07.355036+00,book,btc_jpy,bid,16844667.000000,0.020000,true,
2025-08-03 14:01:07.355036+00,book,btc_jpy,bid,16850655.000000,0.020000,true,
2025-08-03 14:01:07.355036+00,book,btc_jpy,bid,16851336.000000,0.010000,true,
2025-08-03 14:01:07.355036+00,book,btc_jpy,bid,16853624.000000,0.039945,true,
2025-08-03 14:01:07.355036+00,book,btc_jpy,bid,16853802.000000,0.040000,true,
2025-08-03 14:01:07.355036+00,book,btc_jpy,bid,16825956.000000,0.000000,true,
2025-08-03 14:01:07.355036+00,book,btc_jpy,bid,16851274.000000,0.000000,true,
2025-08-03 14:01:07.355036+00,book,btc_jpy,bid,16851665.000000,0.000000,true,
2025-08-03 14:01:07.355036+00,book,btc_jpy,bid,16852384.000000,0.000000,true,
2025-08-03 14:01:07.355036+00,book,btc_jpy,bid,16853801.000000,0.000000,true,
2025-08-03 14:01:07.355036+00,book,btc_jpy,bid,16854908.000000,0.000000,true,
2025-08-03 14:01:07.715491+00,book,btc_jpy,bid,16847337.000000,0.000000,true,
2025-08-03 14:01:07.715491+00,book,btc_jpy,ask,16933743.000000,0.002370,true,
2025-08-03 14:01:07.715491+00,book,btc_jpy,ask,16889179.000000,0.010000,true,
2025-08-03 14:01:07.715491+00,book,btc_jpy,ask,16868501.000000,0.065497,true,
2025-08-03 14:01:07.715491+00,book,btc_jpy,ask,16857463.000000,0.030000,true,
2025-08-03 14:01:07.715491+00,book,btc_jpy,ask,16933765.000000,0.000000,true,
2025-08-03 14:01:07.715491+00,book,btc_jpy,bid,16842600.000000,0.005000,true,
2025-08-03 14:01:07.715491+00,book,btc_jpy,bid,16852463.000000,0.030000,true,
2025-08-03 14:01:08.066437+00,book,btc_jpy,bid,16840316.000000,0.000000,true,
2025-08-03 14:01:08.066437+00,book,btc_jpy,bid,16840704.000000,0.050000,true,
2025-08-03 14:01:08.066437+00,book,btc_jpy,bid,16850732.000000,0.020900,true,
2025-08-03 14:01:08.066437+00,book,btc_jpy,bid,16842600.000000,0.000000,true,
2025-08-03 14:01:08.416057+00,book,btc_jpy,ask,16865341.000000,0.015000,true,
2025-08-03 14:01:08.416057+00,book,btc_jpy,ask,16922890.000000,0.020000,true,
2025-08-03 14:01:08.416057+00,book,btc_jpy,ask,16857649.000000,0.000000,true,
2025-08-03 14:01:08.416057+00,book,btc_jpy,ask,16857463.000000,0.000000,true,
2025-08-03 14:01:08.416057+00,book,btc_jpy,bid,16821757.000000,0.010000,true,
2025-08-03 14:01:08.416057+00,book,btc_jpy,bid,16822106.000000,0.002370,true,
2025-08-03 14:01:08.416057+00,book,btc_jpy,bid,16822107.000000,0.002370,true,
2025-08-03 14:01:08.416057+00,book,btc_jpy,bid,16829626.000000,0.001200,true,
2025-08-03 14:01:08.416057+00,book,btc_jpy,bid,16850197.000000,0.018000,true,
2025-08-03 14:01:08.416057+00,book,btc_jpy,bid,16852068.000000,0.010000,true,
2025-08-03 14:01:08.416057+00,book,btc_jpy,bid,16852235.000000,0.015000,true,
2025-08-03 14:01:08.416057+00,book,btc_jpy,bid,16852716.000000,0.030000,true,
2025-08-03 14:01:08.416057+00,book,btc_jpy,bid,16854232.000000,0.039945,true,
2025-08-03 14:01:08.416057+00,book,btc_jpy,bid,16810250.000000,0.000000,true,
2025-08-03 14:01:08.416057+00,book,btc_jpy,bid,16810253.000000,0.000000,true,
2025-08-03 14:01:08.416057+00,book,btc_jpy,bid,16810254.000000,0.000000,true,
2025-08-03 14:01:08.416057+00,book,btc_jpy,bid,16850655.000000,0.000000,true,
2025-08-03 14:01:08.416057+00,book,btc_jpy,bid,16851336.000000,0.000000,true,
2025-08-03 14:01:08.416057+00,book,btc_jpy,bid,16851519.000000,0.000000,true,
2025-08-03 14:01:08.416057+00,book,btc_jpy,bid,16852463.000000,0.000000,true,
2025-08-03 14:01:08.416057+00,book,btc_jpy,bid,16853624.000000,0.000000,true,
2025-08-03 14:01:08.416057+00,book,btc_jpy,ask,16860738.000000,0.020000,true,
2025-08-03 14:01:08.416057+00,book,btc_jpy,ask,16858695.000000,0.100000,true,
2025-08-03 14:01:08.416057+00,book,btc_jpy,ask,16857888.000000,0.010084,true,
2025-08-03 14:01:08.416057+00,book,btc_jpy,ask,16857717.000000,0.030000,true,
2025-08-03 14:01:08.416057+00,book,btc_jpy,ask,16864611.000000,0.000000,true,
2025-08-03 14:01:08.416057+00,book,btc_jpy,ask,16860612.000000,0.000000,true,
2025-08-03 14:01:08.416057+00,book,btc_jpy,ask,16857651.000000,0.000000,true,
2025-08-03 14:01:08.416057+00,book,btc_jpy,ask,16857650.000000,0.000000,true,
2025-08-03 14:01:08.774747+00,book,btc_jpy,ask,16857648.000000,0.110000,true,
2025-08-03 14:01:08.774747+00,book,btc_jpy,ask,16860738.000000,0.000000,true,
2025-08-03 14:01:08.774747+00,book,btc_jpy,ask,16858695.000000,0.000000,true,
2025-08-03 14:01:08.774747+00,book,btc_jpy,bid,16788046.000000,0.020000,true,
2025-08-03 14:01:08.774747+00,book,btc_jpy,bid,16822103.000000,0.002370,true,
2025-08-03 14:01:08.774747+00,book,btc_jpy,ask,16860133.000000,0.020000,true,
2025-08-03 14:01:08.774747+00,book,btc_jpy,bid,16851376.000000,0.020000,true,
2025-08-03 14:01:08.774747+00,book,btc_jpy,bid,16844667.000000,0.000000,true,
2025-08-03 14:01:09.160202+00,book,btc_jpy,bid,16850808.000000,0.020000,true,
2025-08-03 14:01:09.160202+00,book,btc_jpy,bid,16851376.000000,0.000000,true,
2025-08-03 14:01:09.160202+00,book,btc_jpy,bid,16852716.000000,0.000000,true,
2025-08-03 14:01:09.160202+00,book,btc_jpy,bid,16840751.000000,0.000000,true,
2025-08-03 14:01:09.160202+00,book,btc_jpy,ask,16860853.000000,0.000000,true,
2025-08-03 14:01:09.160202+00,book,btc_jpy,ask,16858696.000000,0.000000,true,
2025-08-03 14:01:09.160202+00,book,btc_jpy,ask,16857888.000000,0.000000,true,
2025-08-03 14:01:09.160202+00,book,btc_jpy,ask,16857717.000000,0.000000,true,
2025-08-03 14:01:09.160202+00,book,btc_jpy,bid,16842601.000000,0.005000,true,
2025-08-03 14:01:09.160202+00,book,btc_jpy,bid,16844614.000000,0.020000,true,
2025-08-03 14:01:09.160202+00,book,btc_jpy,bid,16850197.000000,0.036000,true,
2025-08-03 14:01:09.53397+00,book,btc_jpy,ask,16865341.000000,0.000000,true,
2025-08-03 14:01:09.53397+00,book,btc_jpy,ask,16864705.000000,0.015000,true,
2025-08-03 14:01:09.53397+00,book,btc_jpy,ask,16860758.000000,0.020000,true,
2025-08-03 14:01:09.53397+00,book,btc_jpy,ask,16858691.000000,0.010000,true,
2025-08-03 14:01:09.53397+00,book,btc_jpy,ask,16858160.000000,0.009695,true,
2025-08-03 14:01:09.53397+00,book,btc_jpy,ask,16857008.000000,0.030000,true,
2025-08-03 14:01:09.53397+00,book,btc_jpy,ask,16868501.000000,0.000000,true,
2025-08-03 14:01:09.53397+00,book,btc_jpy,ask,16860133.000000,0.000000,true,
2025-08-03 14:01:09.53397+00,book,btc_jpy,ask,16857915.000000,0.000000,true,
2025-08-03 14:01:09.53397+00,book,btc_jpy,bid,16822116.000000,0.002370,true,
2025-08-03 14:01:09.53397+00,book,btc_jpy,bid,16840581.000000,0.035600,true,
2025-08-03 14:01:09.53397+00,book,btc_jpy,bid,16840935.000000,0.050000,true,
2025-08-03 14:01:09.53397+00,book,btc_jpy,bid,16851414.000000,0.020000,true,
2025-08-03 14:01:09.53397+00,book,btc_jpy,bid,16851579.000000,0.015000,true,
2025-08-03 14:01:09.53397+00,book,btc_jpy,bid,16852007.000000,0.030000,true,
2025-08-03 14:01:09.53397+00,book,btc_jpy,bid,16853752.000000,0.039945,true,
2025-08-03 14:01:09.53397+00,book,btc_jpy,bid,16822096.000000,0.000000,true,
2025-08-03 14:01:09.53397+00,book,btc_jpy,bid,16840704.000000,0.000000,true,
2025-08-03 14:01:09.53397+00,book,btc_jpy,bid,16842601.000000,0.000000,true,
2025-08-03 14:01:09.53397+00,book,btc_jpy,bid,16850808.000000,0.000000,true,
2025-08-03 14:01:09.53397+00,book,btc_jpy,bid,16852235.000000,0.000000,true,
2025-08-03 14:01:09.53397+00,book,btc_jpy,bid,16854232.000000,0.000000,true,
2025-08-03 14:01:09.883766+00,book,btc_jpy,bid,16852079.000000,0.000000,true,
2025-08-03 14:01:09.883766+00,book,btc_jpy,ask,16933732.000000,0.002370,true,
2025-08-03 14:01:09.883766+00,book,btc_jpy,ask,16860231.000000,0.020000,true,
2025-08-03 14:01:09.883766+00,book,btc_jpy,ask,16857636.000000,0.010084,true,
2025-08-03 14:01:09.883766+00,book,btc_jpy,ask,16856903.000000,0.030000,true,
2025-08-03 14:01:09.883766+00,book,btc_jpy,ask,16933753.000000,0.000000,true,
2025-08-03 14:01:09.883766+00,book,btc_jpy,ask,16933752.000000,0.000000,true,
2025-08-03 14:01:09.883766+00,book,btc_jpy,ask,16860758.000000,0.000000,true,
2025-08-03 14:01:09.883766+00,book,btc_jpy,ask,16857008.000000,0.000000,true,
2025-08-03 14:01:09.883766+00,book,btc_jpy,bid,16850197.000000,0.018000,true,
2025-08-03 14:01:09.883766+00,book,btc_jpy,bid,16850850.000000,0.020000,true,
2025-08-03 14:01:09.883766+00,book,btc_jpy,bid,16851891.000000,0.030000,true,
2025-08-03 14:01:09.883766+00,book,btc_jpy,bid,16840581.000000,0.000000,true,
2025-08-03 14:01:09.883766+00,book,btc_jpy,bid,16851414.000000,0.000000,true,
2025-08-03 14:01:09.883766+00,book,btc_jpy,bid,16852007.000000,0.000000,true,
2025-08-03 14:01:10.338288+00,book,btc_jpy,bid,16850197.000000,0.000000,true,
2025-08-03 14:01:10.338288+00,book,btc_jpy,ask,16933736.000000,0.002370,true,
2025-08-03 14:01:10.338288+00,book,btc_jpy,ask,16933733.000000,0.002370,true,
2025-08-03 14:01:10.338288+00,book,btc_jpy,ask,16933756.000000,0.000000,true,
2025-08-03 14:01:10.338288+00,book,btc_jpy,bid,16842601.000000,0.005000,true,
2025-08-03 14:01:10.338288+00,book,btc_jpy,bid,16851863.000000,0.010000,true,
2025-08-03 14:01:10.338288+00,book,btc_jpy,bid,16852068.000000,0.000000,true,
2025-08-03 14:01:10.721887+00,book,btc_jpy,bid,16851891.000000,0.000000,true,
2025-08-03 14:01:10.721887+00,book,btc_jpy,ask,16857374.000000,0.030000,true,
2025-08-03 14:01:10.721887+00,book,btc_jpy,ask,16856903.000000,0.000000,true,
2025-08-03 14:01:10.721887+00,book,btc_jpy,bid,16840581.000000,0.035600,true,
2025-08-03 14:01:10.721887+00,book,btc_jpy,bid,16852337.000000,0.030000,true,
2025-08-03 14:01:10.721887+00,book,btc_jpy,bid,16853627.000000,0.039945,true,
2025-08-03 14:01:10.721887+00,book,btc_jpy,bid,16851579.000000,0.000000,true,
2025-08-03 14:01:10.721887+00,book,btc_jpy,bid,16853752.000000,0.000000,true,
2025-08-03 14:01:11.071988+00,book,btc_jpy,bid,16851424.000000,0.015000,true,
2025-08-03 14:01:11.071988+00,book,btc_jpy,ask,16933723.000000,0.002370,true,
2025-08-03 14:01:11.071988+00,book,btc_jpy,ask,16864550.000000,0.015000,true,
2025-08-03 14:01:11.071988+00,book,btc_jpy,ask,16933743.000000,0.000000,true,
2025-08-03 14:01:11.071988+00,book,btc_jpy,ask,16864705.000000,0.000000,true,
2025-08-03 14:01:11.071988+00,book,btc_jpy,bid,16842601.000000,0.010000,true,
2025-08-03 14:01:11.071988+00,book,btc_jpy,bid,16844582.000000,0.020000,true,
2025-08-03 14:01:11.071988+00,book,btc_jpy,bid,16850197.000000,0.018000,true,
2025-08-03 14:01:11.071988+00,book,btc_jpy,bid,16810243.000000,0.000000,true,
2025-08-03 14:01:11.071988+00,book,btc_jpy,bid,16844614.000000,0.000000,true,
2025-08-03 14:01:11.740722+00,book,btc_jpy,bid,16853627.000000,0.000000,true,
2025-08-03 14:01:11.740722+00,book,btc_jpy,ask,16857606.000000,0.030000,true,
2025-08-03 14:01:11.740722+00,book,btc_jpy,ask,16857374.000000,0.000000,true,
2025-08-03 14:01:11.740722+00,book,btc_jpy,bid,16813695.000000,1.433387,true,
2025-08-03 14:01:11.740722+00,book,btc_jpy,bid,16822123.000000,0.002370,true,
2025-08-03 14:01:11.740722+00,book,btc_jpy,bid,16822126.000000,0.002370,true,
2025-08-03 14:01:11.740722+00,book,btc_jpy,bid,16822127.000000,0.002370,true,
2025-08-03 14:01:11.740722+00,book,btc_jpy,bid,16851591.000000,0.010000,true,
2025-08-03 14:01:11.740722+00,book,btc_jpy,bid,16852558.000000,0.030000,true,
2025-08-03 14:01:11.740722+00,book,btc_jpy,bid,16853969.000000,0.039945,true,
2025-08-03 14:01:11.740722+00,book,btc_jpy,bid,16822103.000000,0.000000,true,
2025-08-03 14:01:11.740722+00,book,btc_jpy,bid,16822106.000000,0.000000,true,
2025-08-03 14:01:11.740722+00,book,btc_jpy,bid,16822107.000000,0.000000,true,
2025-08-03 14:01:11.740722+00,book,btc_jpy,bid,16842601.000000,0.000000,true,
2025-08-03 14:01:11.740722+00,book,btc_jpy,bid,16850197.000000,0.000000,true,
2025-08-03 14:01:11.740722+00,book,btc_jpy,bid,16851863.000000,0.000000,true,
2025-08-03 14:01:11.740722+00,book,btc_jpy,bid,16852337.000000,0.000000,true,
2025-08-03 14:01:12.12715+00,book,btc_jpy,bid,16851220.000000,0.015000,true,
2025-08-03 14:01:12.12715+00,book,btc_jpy,ask,16864312.000000,0.015000,true,
2025-08-03 14:01:12.12715+00,book,btc_jpy,ask,16864550.000000,0.000000,true,
2025-08-03 14:01:12.12715+00,book,btc_jpy,ask,16857606.000000,0.000000,true,
2025-08-03 14:01:12.12715+00,book,btc_jpy,bid,16852558.000000,0.000000,true,
2025-08-03 14:01:12.12715+00,book,btc_jpy,bid,16851424.000000,0.000000,true,
2025-08-03 14:01:12.493412+00,book,btc_jpy,bid,16842601.000000,0.005000,true,
2025-08-03 14:01:12.493412+00,book,btc_jpy,ask,16859669.000000,0.020000,true,
2025-08-03 14:01:12.493412+00,book,btc_jpy,ask,16857262.000000,0.030000,true,
2025-08-03 14:01:12.493412+00,book,btc_jpy,ask,16860231.000000,0.000000,true,
2025-08-03 14:01:12.493412+00,book,btc_jpy,bid,16822136.000000,0.002370,true,
2025-08-03 14:01:12.493412+00,book,btc_jpy,bid,16844543.000000,0.020000,true,
2025-08-03 14:01:12.493412+00,book,btc_jpy,bid,16850336.000000,0.020000,true,
2025-08-03 14:01:12.493412+00,book,btc_jpy,bid,16850872.000000,0.010000,true,
2025-08-03 14:01:12.493412+00,book,btc_jpy,bid,16852171.000000,0.030000,true,
2025-08-03 14:01:12.493412+00,book,btc_jpy,bid,16822116.000000,0.000000,true,
2025-08-03 14:01:12.493412+00,book,btc_jpy,bid,16844582.000000,0.000000,true,
2025-08-03 14:01:12.493412+00,book,btc_jpy,bid,16850850.000000,0.000000,true,
2025-08-03 14:01:12.493412+00,book,btc_jpy,bid,16851591.000000,0.000000,true,
2025-08-03 14:01:12.864007+00,book,btc_jpy,bid,16844543.000000,0.000000,true,
2025-08-03 14:01:12.864007+00,book,btc_jpy,bid,16850336.000000,0.000000,true,
2025-08-03 14:01:12.864007+00,book,btc_jpy,bid,16853969.000000,0.000000,true,
2025-08-03 14:01:12.864007+00,book,btc_jpy,ask,16860668.000000,0.020000,true,
2025-08-03 14:01:12.864007+00,book,btc_jpy,ask,16859669.000000,0.000000,true,
2025-08-03 14:01:12.864007+00,book,btc_jpy,bid,16844751.000000,0.020000,true,
2025-08-03 14:01:12.864007+00,book,btc_jpy,bid,16853721.000000,0.039945,true,
2025-08-03 14:01:13.214745+00,book,btc_jpy,ask,16857262.000000,0.000000,true,
2025-08-03 14:01:13.214745+00,book,btc_jpy,bid,16841197.000000,0.050000,true,
2025-08-03 14:01:13.214745+00,book,btc_jpy,bid,16851334.000000,0.020000,true,
2025-08-03 14:01:13.214745+00,book,btc_jpy,bid,16852427.000000,0.030000,true,
2025-08-03 14:01:13.214745+00,book,btc_jpy,bid,16852171.000000,0.000000,true,
2025-08-03 14:01:13.214745+00,book,btc_jpy,bid,16840935.000000,0.000000,true,
2025-08-03 14:01:13.214745+00,book,btc_jpy,ask,16933713.000000,0.002370,true,
2025-08-03 14:01:13.214745+00,book,btc_jpy,ask,16933712.000000,0.002370,true,
2025-08-03 14:01:13.214745+00,book,btc_jpy,ask,16869094.000000,0.065497,true,
2025-08-03 14:01:13.214745+00,book,btc_jpy,ask,16857547.000000,0.030000,true,
2025-08-03 14:01:13.214745+00,book,btc_jpy,ask,16933733.000000,0.000000,true,
2025-08-03 14:01:13.214745+00,book,btc_jpy,ask,16933732.000000,0.000000,true,
2025-08-03 14:01:14.861648+00,book,btc_jpy,bid,16850785.000000,0.015000,true,
2025-08-03 14:01:14.861648+00,book,btc_jpy,ask,16933716.000000,0.002370,true,
2025-08-03 14:01:14.861648+00,book,btc_jpy,ask,16933703.000000,0.002370,true,
2025-08-03 14:01:14.861648+00,book,btc_jpy,ask,16863611.000000,0.015000,true,
2025-08-03 14:01:14.861648+00,book,btc_jpy,ask,16862715.000000,0.015000,true,
2025-08-03 14:01:14.861648+00,book,btc_jpy,ask,16860038.000000,0.020000,true,
2025-08-03 14:01:14.861648+00,book,btc_jpy,ask,16857262.000000,0.030000,true,
2025-08-03 14:01:14.861648+00,book,btc_jpy,ask,16933736.000000,0.000000,true,
2025-08-03 14:01:14.861648+00,book,btc_jpy,ask,16933723.000000,0.000000,true,
2025-08-03 14:01:14.861648+00,book,btc_jpy,ask,16864312.000000,0.000000,true,
2025-08-03 14:01:14.861648+00,book,btc_jpy,ask,16862579.000000,0.000000,true,
2025-08-03 14:01:14.861648+00,book,btc_jpy,ask,16860668.000000,0.000000,true,
2025-08-03 14:01:14.861648+00,book,btc_jpy,ask,16857547.000000,0.000000,true,
2025-08-03 14:01:14.861648+00,book,btc_jpy,bid,16822146.000000,0.002370,true,
2025-08-03 14:01:14.861648+00,book,btc_jpy,bid,16822147.000000,0.002370,true,
2025-08-03 14:01:14.861648+00,book,btc_jpy,bid,16842822.000000,0.010000,true,
2025-08-03 14:01:14.861648+00,book,btc_jpy,bid,16850433.000000,0.015000,true,
2025-08-03 14:01:14.861648+00,book,btc_jpy,bid,16850704.000000,0.020000,true,
2025-08-03 14:01:14.861648+00,book,btc_jpy,bid,16822126.000000,0.000000,true,
2025-08-03 14:01:14.861648+00,book,btc_jpy,bid,16822127.000000,0.000000,true,
2025-08-03 14:01:14.861648+00,book,btc_jpy,bid,16842601.000000,0.000000,true,
2025-08-03 14:01:14.861648+00,book,btc_jpy,bid,16844751.000000,0.000000,true,
2025-08-03 14:01:14.861648+00,book,btc_jpy,bid,16850649.000000,0.000000,true,
2025-08-03 14:01:14.861648+00,book,btc_jpy,bid,16850872.000000,0.000000,true,
2025-08-03 14:01:14.861648+00,book,btc_jpy,bid,16851220.000000,0.000000,true,
2025-08-03 14:01:14.861648+00,book,btc_jpy,bid,16851334.000000,0.000000,true,
2025-08-03 14:01:14.861648+00,book,btc_jpy,bid,16852427.000000,0.000000,true,
2025-08-03 14:01:14.861648+00,book,btc_jpy,bid,16853721.000000,0.000000,true,
2025-08-03 14:01:14.861648+00,book,btc_jpy,bid,16850890.000000,0.010000,true,
2025-08-03 14:01:14.861648+00,book,btc_jpy,bid,16852038.000000,0.030000,true,
2025-08-03 14:01:14.861648+00,book,btc_jpy,bid,16822123.000000,0.000000,true,
2025-08-03 14:01:15.257444+00,book,btc_jpy,bid,16850890.000000,0.000000,true,
2025-08-03 14:01:15.257444+00,book,btc_jpy,bid,16842822.000000,0.005000,true,
2025-08-03 14:01:15.257444+00,book,btc_jpy,bid,16844685.000000,0.020000,true,
2025-08-03 14:01:15.257444+00,book,btc_jpy,bid,16851322.000000,0.010000,true,
2025-08-03 14:01:15.257444+00,book,btc_jpy,bid,16852039.000000,0.040000,true,
2025-08-03 14:01:15.257444+00,book,btc_jpy,bid,16853705.000000,0.039945,true,
2025-08-03 14:01:15.257444+00,book,btc_jpy,bid,16852038.000000,0.000000,true,
2025-08-03 14:01:15.257444+00,book,btc_jpy,ask,16857262.000000,0.000000,true,
2025-08-03 14:01:15.257444+00,book,btc_jpy,bid,16853802.000000,0.000000,true,
2025-08-03 14:01:15.257444+00,book,btc_jpy,bid,16822143.000000,0.002370,true,
2025-08-03 14:01:15.602382+00,book,btc_jpy,bid,16822136.000000,0.000000,true,
2025-08-03 14:01:15.602382+00,book,btc_jpy,ask,16857347.000000,0.030000,true,
2025-08-03 14:01:15.602382+00,book,btc_jpy,ask,16863611.000000,0.000000,true,
2025-08-03 14:01:15.602382+00,book,btc_jpy,bid,16822156.000000,0.002370,true,
2025-08-03 14:01:15.602382+00,book,btc_jpy,bid,16852110.000000,0.030000,true,
2025-08-03 14:01:15.602382+00,book,btc_jpy,bid,16853706.000000,0.040000,true,
2025-08-03 14:01:15.602382+00,book,btc_jpy,bid,16850433.000000,0.000000,true,
2025-08-03 14:01:15.602382+00,book,btc_jpy,bid,16852039.000000,0.000000,true,
2025-08-03 14:01:15.950304+00,book,btc_jpy,bid,16853705.000000,0.000000,true,
2025-08-03 14:01:15.950304+00,book,btc_jpy,ask,16863773.000000,0.015000,true,
2025-08-03 14:01:15.950304+00,book,btc_jpy,bid,16850596.000000,0.015000,true,
2025-08-03 14:01:15.950304+00,book,btc_jpy,bid,16853884.000000,0.039945,true,
2025-08-03 14:01:16.287384+00,book,btc_jpy,ask,16933713.000000,0.000000,true,
2025-08-03 14:01:16.287384+00,book,btc_jpy,ask,16933712.000000,0.000000,true,
2025-08-03 14:01:16.287384+00,book,btc_jpy,ask,16857347.000000,0.000000,true,
2025-08-03 14:01:16.287384+00,book,btc_jpy,bid,16852110.000000,0.000000,true,
2025-08-03 14:01:16.287384+00,book,btc_jpy,bid,16842822.000000,0.010000,true,
2025-08-03 14:01:16.287384+00,book,btc_jpy,ask,16933693.000000,0.002370,true,
2025-08-03 14:01:16.287384+00,book,btc_jpy,ask,16933692.000000,0.002370,true,
2025-08-03 14:01:16.287384+00,book,btc_jpy,ask,16857735.000000,0.030000,true,
2025-08-03 14:01:16.630991+00,book,btc_jpy,bid,16842822.000000,0.005000,true,
2025-08-03 14:01:16.630991+00,book,btc_jpy,ask,16933696.000000,0.002370,true,
2025-08-03 14:01:16.630991+00,book,btc_jpy,ask,16933716.000000,0.000000,true,
2025-08-03 14:01:16.630991+00,book,btc_jpy,bid,16852469.000000,0.030000,true,
2025-08-03 14:01:16.998303+00,book,btc_jpy,bid,16852469.000000,0.000000,true,
2025-08-03 14:01:16.998303+00,book,btc_jpy,ask,16864130.000000,0.015000,true,
2025-08-03 14:01:16.998303+00,book,btc_jpy,ask,16863773.000000,0.000000,true,
2025-08-03 14:01:16.998303+00,book,btc_jpy,ask,16857735.000000,0.000000,true,
2025-08-03 14:01:16.998303+00,book,btc_jpy,bid,16850956.000000,0.015000,true,
2025-08-03 14:01:16.998303+00,book,btc_jpy,bid,16852609.000000,0.030000,true,
2025-08-03 14:01:16.998303+00,book,btc_jpy,bid,16853997.000000,0.039945,true,
2025-08-03 14:01:16.998303+00,book,btc_jpy,bid,16842822.000000,0.000000,true,
2025-08-03 14:01:16.998303+00,book,btc_jpy,bid,16850596.000000,0.000000,true,
2025-08-03 14:01:16.998303+00,book,btc_jpy,bid,16853884.000000,0.000000,true,
2025-08-03 14:01:17.363472+00,book,btc_jpy,bid,16850197.000000,0.018000,true,
2025-08-03 14:01:17.363472+00,book,btc_jpy,ask,16933683.000000,0.002370,true,
2025-08-03 14:01:17.363472+00,book,btc_jpy,ask,16857909.000000,0.030000,true,
2025-08-03 14:01:17.363472+00,book,btc_jpy,ask,16933703.000000,0.000000,true,
2025-08-03 14:01:17.363472+00,book,btc_jpy,bid,16851322.000000,0.000000,true,
2025-08-03 14:01:17.718862+00,book,btc_jpy,bid,16842823.000000,0.005000,true,
2025-08-03 14:01:17.718862+00,book,btc_jpy,bid,16822166.000000,0.002370,true,
2025-08-03 14:01:17.718862+00,book,btc_jpy,bid,16851554.000000,0.010000,true,
2025-08-03 14:01:17.718862+00,book,btc_jpy,bid,16822146.000000,0.000000,true,
2025-08-03 14:01:17.718862+00,book,btc_jpy,bid,16822147.000000,0.000000,true,
2025-08-03 14:01:18.057455+00,book,btc_jpy,ask,16860595.000000,0.020000,true,
2025-08-03 14:01:18.057455+00,book,btc_jpy,ask,16857909.000000,0.000000,true,
2025-08-03 14:01:18.057455+00,book,btc_jpy,ask,16857636.000000,0.000000,true,
2025-08-03 14:01:18.057455+00,book,btc_jpy,bid,16822163.000000,0.002370,true,
2025-08-03 14:01:18.057455+00,book,btc_jpy,bid,16822167.000000,0.002370,true,
2025-08-03 14:01:18.057455+00,book,btc_jpy,bid,16851233.000000,0.020000,true,
2025-08-03 14:01:18.057455+00,book,btc_jpy,bid,16852946.000000,0.030000,true,
2025-08-03 14:01:18.057455+00,book,btc_jpy,bid,16854565.000000,0.039945,true,
2025-08-03 14:01:18.057455+00,book,btc_jpy,bid,16822143.000000,0.000000,true,
2025-08-03 14:01:18.057455+00,book,btc_jpy,bid,16850704.000000,0.000000,true,
2025-08-03 14:01:18.057455+00,book,btc_jpy,bid,16850956.000000,0.000000,true,
2025-08-03 14:01:18.057455+00,book,btc_jpy,bid,16852609.000000,0.000000,true,
2025-08-03 14:01:18.057455+00,book,btc_jpy,bid,16853997.000000,0.000000,true,
2025-08-03 14:01:18.057455+00,book,btc_jpy,ask,16858258.000000,0.030000,true,
2025-08-03 14:01:18.057455+00,book,btc_jpy,ask,16864130.000000,0.000000,true,
2025-08-03 14:01:18.057455+00,book,btc_jpy,ask,16860038.000000,0.000000,true,
2025-08-03 14:01:18.405019+00,book,btc_jpy,bid,16851291.000000,0.015000,true,
2025-08-03 14:01:18.405019+00,book,btc_jpy,bid,16851697.000000,0.010000,true,
2025-08-03 14:01:18.405019+00,book,btc_jpy,bid,16851554.000000,0.000000,true,
2025-08-03 14:01:18.405019+00,book,btc_jpy,ask,16864469.000000,0.015000,true,
2025-08-03 14:01:18.405019+00,book,btc_jpy,ask,16857636.000000,0.010084,true,
2025-08-03 14:01:18.771827+00,book,btc_jpy,ask,16858012.000000,0.030000,true,
2025-08-03 14:01:18.771827+00,book,btc_jpy,bid,16852946.000000,0.000000,true,
2025-08-03 14:01:18.771827+00,book,btc_jpy,ask,16858258.000000,0.000000,true,
2025-08-03 14:01:18.771827+00,book,btc_jpy,bid,16822176.000000,0.002370,true,
2025-08-03 14:01:18.771827+00,book,btc_jpy,bid,16852679.000000,0.030000,true,
2025-08-03 14:01:18.771827+00,book,btc_jpy,bid,16822156.000000,0.000000,true,
2025-08-03 14:01:18.771827+00,book,btc_jpy,bid,16846726.000000,0.000000,true,
2025-08-03 14:01:19.156407+00,book,btc_jpy,ask,16869094.000000,0.000000,true,
2025-08-03 14:01:19.156407+00,book,btc_jpy,bid,16842823.000000,0.010000,true,
2025-08-03 14:01:19.156407+00,book,btc_jpy,ask,16857636.000000,0.000000,true,
2025-08-03 14:01:19.547422+00,book,btc_jpy,bid,16851291.000000,0.000000,true,
2025-08-03 14:01:19.547422+00,book,btc_jpy,ask,16933676.000000,0.002370,true,
2025-08-03 14:01:19.547422+00,book,btc_jpy,ask,16933673.000000,0.002370,true,
2025-08-03 14:01:19.547422+00,book,btc_jpy,ask,16933672.000000,0.002370,true,
2025-08-03 14:01:19.547422+00,book,btc_jpy,ask,16864116.000000,0.015000,true,
2025-08-03 14:01:19.547422+00,book,btc_jpy,ask,16857636.000000,0.010084,true,
2025-08-03 14:01:19.547422+00,book,btc_jpy,ask,16857632.000000,0.030000,true,
2025-08-03 14:01:19.547422+00,book,btc_jpy,ask,16933696.000000,0.000000,true,
2025-08-03 14:01:19.547422+00,book,btc_jpy,ask,16933693.000000,0.000000,true,
2025-08-03 14:01:19.547422+00,book,btc_jpy,ask,16933692.000000,0.000000,true,
2025-08-03 14:01:19.547422+00,book,btc_jpy,ask,16864469.000000,0.000000,true,
2025-08-03 14:01:19.547422+00,book,btc_jpy,ask,16858012.000000,0.000000,true,
2025-08-03 14:01:19.547422+00,book,btc_jpy,bid,16840983.000000,0.050000,true,
2025-08-03 14:01:19.547422+00,book,btc_jpy,bid,16851027.000000,0.015000,true,
2025-08-03 14:01:19.547422+00,book,btc_jpy,bid,16851363.000000,0.010000,true,
2025-08-03 14:01:19.547422+00,book,btc_jpy,bid,16852281.000000,0.030000,true,
2025-08-03 14:01:19.547422+00,book,btc_jpy,bid,16854468.000000,0.039945,true,
2025-08-03 14:01:19.547422+00,book,btc_jpy,bid,16841197.000000,0.000000,true,
2025-08-03 14:01:19.547422+00,book,btc_jpy,bid,16851697.000000,0.000000,true,
2025-08-03 14:01:19.547422+00,book,btc_jpy,bid,16852679.000000,0.000000,true,
2025-08-03 14:01:19.547422+00,book,btc_jpy,bid,16853706.000000,0.000000,true,
2025-08-03 14:01:19.547422+00,book,btc_jpy,bid,16854565.000000,0.000000,true,
2025-08-03 14:01:19.912097+00,book,btc_jpy,ask,16860595.000000,0.000000,true,
2025-08-03 14:01:19.912097+00,book,btc_jpy,bid,16842823.000000,0.005000,true,
2025-08-03 14:01:19.912097+00,book,btc_jpy,bid,16850568.000000,0.020000,true,
2025-08-03 14:01:19.912097+00,book,btc_jpy,bid,16851233.000000,0.000000,true,
2025-08-03 14:01:19.912097+00,book,btc_jpy,ask,16859920.000000,0.020000,true,
2025-08-03 14:01:20.26308+00,book,btc_jpy,bid,16842823.000000,0.010000,true,
2025-08-03 14:01:20.26308+00,book,btc_jpy,bid,16852680.000000,0.040000,true,
2025-08-03 14:01:20.26308+00,book,btc_jpy,bid,16822087.000000,0.000000,true,
2025-08-03 14:01:20.26308+00,book,btc_jpy,bid,16854468.000000,0.000000,true,
2025-08-03 14:01:20.26308+00,book,btc_jpy,ask,16857632.000000,0.000000,true,
2025-08-03 14:01:20.612103+00,book,btc_jpy,bid,16822167.000000,0.000000,true,
2025-08-03 14:01:20.612103+00,book,btc_jpy,bid,16852281.000000,0.000000,true,
2025-08-03 14:01:20.612103+00,book,btc_jpy,bid,16851363.000000,0.000000,true,
2025-08-03 14:01:20.612103+00,book,btc_jpy,ask,16933663.000000,0.002370,true,
2025-08-03 14:01:20.612103+00,book,btc_jpy,ask,16860391.000000,0.042100,true,
2025-08-03 14:01:20.612103+00,book,btc_jpy,ask,16857530.000000,0.030000,true,
2025-08-03 14:01:20.612103+00,book,btc_jpy,ask,16933683.000000,0.000000,true,
2025-08-03 14:01:20.612103+00,book,btc_jpy,ask,16857636.000000,0.000000,true,
2025-08-03 14:01:20.612103+00,book,btc_jpy,bid,16851201.000000,0.010000,true,
2025-08-03 14:01:20.612103+00,book,btc_jpy,bid,16852170.000000,0.030000,true,
2025-08-03 14:01:20.612103+00,book,btc_jpy,bid,16853985.000000,0.039945,true,
2025-08-03 14:01:20.612103+00,book,btc_jpy,bid,16822166.000000,0.000000,true,
2025-08-03 14:01:20.977217+00,book,btc_jpy,ask,16857530.000000,0.000000,true,
2025-08-03 14:01:20.977217+00,book,btc_jpy,ask,16857636.000000,0.010084,true,
2025-08-03 14:01:20.977217+00,book,btc_jpy,bid,16815010.000000,0.002370,true,
2025-08-03 14:01:20.977217+00,book,btc_jpy,bid,16815011.000000,0.002370,true,
2025-08-03 14:01:20.977217+00,book,btc_jpy,bid,16842823.000000,0.015000,true,
2025-08-03 14:01:20.977217+00,book,btc_jpy,bid,16850197.000000,0.000000,true,
2025-08-03 14:01:20.977217+00,book,btc_jpy,bid,16852170.000000,0.000000,true,
2025-08-03 14:01:21.334772+00,book,btc_jpy,bid,16853889.000000,0.039945,true,
2025-08-03 14:01:21.334772+00,book,btc_jpy,bid,16822163.000000,0.000000,true,
2025-08-03 14:01:21.334772+00,book,btc_jpy,bid,16853985.000000,0.000000,true,
2025-08-03 14:01:21.334772+00,book,btc_jpy,ask,16857786.000000,0.030000,true,
2025-08-03 14:01:21.334772+00,book,btc_jpy,bid,16815007.000000,0.002370,true,
2025-08-03 14:01:21.334772+00,book,btc_jpy,bid,16842823.000000,0.010000,true,
2025-08-03 14:01:21.334772+00,book,btc_jpy,bid,16852401.000000,0.030000,true,
2025-08-03 14:01:21.674763+00,book,btc_jpy,bid,16851201.000000,0.000000,true,
2025-08-03 14:01:21.674763+00,book,btc_jpy,bid,16851090.000000,0.020000,true,
2025-08-03 14:01:21.674763+00,book,btc_jpy,bid,16852680.000000,0.000000,true,
2025-08-03 14:01:21.674763+00,book,btc_jpy,bid,16851469.000000,0.010000,true,
2025-08-03 14:01:21.674763+00,book,btc_jpy,bid,16850568.000000,0.000000,true,
2025-08-03 14:01:21.674763+00,book,btc_jpy,bid,16851560.000000,0.040000,true,
2025-08-03 14:01:21.674763+00,book,btc_jpy,ask,16860426.000000,0.020000,true,
2025-08-03 14:01:21.674763+00,book,btc_jpy,ask,16859920.000000,0.000000,true,
2025-08-03 14:01:21.674763+00,book,btc_jpy,ask,16857636.000000,0.000000,true,
2025-08-03 14:01:21.674763+00,book,btc_jpy,bid,16821585.000000,0.600000,true,
2025-08-03 14:01:21.674763+00,book,btc_jpy,bid,16842823.000000,0.015000,true,
2025-08-03 14:01:21.674763+00,book,btc_jpy,bid,16850570.000000,0.018000,true,
2025-08-03 14:01:22.030469+00,book,btc_jpy,bid,16851090.000000,0.000000,true,
2025-08-03 14:01:22.030469+00,book,btc_jpy,ask,16863485.000000,0.015000,true,
2025-08-03 14:01:22.030469+00,book,btc_jpy,ask,16859619.000000,0.020000,true,
2025-08-03 14:01:22.030469+00,book,btc_jpy,ask,16857636.000000,0.010084,true,
2025-08-03 14:01:22.030469+00,book,btc_jpy,ask,16857575.000000,0.030000,true,
2025-08-03 14:01:22.030469+00,book,btc_jpy,ask,16864116.000000,0.000000,true,
2025-08-03 14:01:22.030469+00,book,btc_jpy,ask,16860426.000000,0.000000,true,
2025-08-03 14:01:22.030469+00,book,btc_jpy,ask,16857786.000000,0.000000,true,
2025-08-03 14:01:22.030469+00,book,btc_jpy,bid,16815020.000000,0.002370,true,
2025-08-03 14:01:22.030469+00,book,btc_jpy,bid,16850283.000000,0.020000,true,
2025-08-03 14:01:22.030469+00,book,btc_jpy,bid,16850362.000000,0.015000,true,
2025-08-03 14:01:22.030469+00,book,btc_jpy,bid,16851560.000000,0.045000,true,
2025-08-03 14:01:22.030469+00,book,btc_jpy,bid,16852157.000000,0.030000,true,
2025-08-03 14:01:22.030469+00,book,btc_jpy,bid,16822176.000000,0.000000,true,
2025-08-03 14:01:22.030469+00,book,btc_jpy,bid,16842823.000000,0.000000,true,
2025-08-03 14:01:22.030469+00,book,btc_jpy,bid,16851027.000000,0.000000,true,
2025-08-03 14:01:22.030469+00,book,btc_jpy,bid,16852401.000000,0.000000,true,
2025-08-03 14:01:22.400555+00,book,btc_jpy,bid,16853889.000000,0.000000,true,
2025-08-03 14:01:22.400555+00,book,btc_jpy,ask,16933653.000000,0.002370,true,
2025-08-03 14:01:22.400555+00,book,btc_jpy,ask,16933652.000000,0.002370,true,
2025-08-03 14:01:22.400555+00,book,btc_jpy,ask,16933673.000000,0.000000,true,
2025-08-03 14:01:22.400555+00,book,btc_jpy,ask,16933672.000000,0.000000,true,
2025-08-03 14:01:22.400555+00,book,btc_jpy,bid,16850800.000000,0.010000,true,
2025-08-03 14:01:22.400555+00,book,btc_jpy,bid,16853903.000000,0.039945,true,
2025-08-03 14:01:22.400555+00,book,btc_jpy,bid,16851469.000000,0.000000,true,
2025-08-03 14:01:22.933394+00,book,btc_jpy,ask,16857575.000000,0.000000,true,
2025-08-03 14:01:22.933394+00,book,btc_jpy,ask,16857617.000000,0.030000,true,
2025-08-03 14:01:22.933394+00,book,btc_jpy,ask,16933676.000000,0.000000,true,
2025-08-03 14:01:22.933394+00,book,btc_jpy,bid,16852157.000000,0.000000,true,
2025-08-03 14:01:23.503168+00,book,btc_jpy,ask,16860399.000000,0.020000,true,
2025-08-03 14:01:23.503168+00,book,btc_jpy,ask,16933991.000000,0.002370,true,
2025-08-03 14:01:23.503168+00,book,btc_jpy,ask,16933656.000000,0.002370,true,
2025-08-03 14:01:23.503168+00,book,btc_jpy,ask,16863691.000000,0.015000,true,
2025-08-03 14:01:23.503168+00,book,btc_jpy,ask,16858690.000000,0.100000,true,
2025-08-03 14:01:23.503168+00,book,btc_jpy,ask,16857553.000000,0.030000,true,
2025-08-03 14:01:23.503168+00,book,btc_jpy,ask,16933663.000000,0.000000,true,
2025-08-03 14:01:23.503168+00,book,btc_jpy,ask,16863485.000000,0.000000,true,
2025-08-03 14:01:23.503168+00,book,btc_jpy,ask,16859619.000000,0.000000,true,
2025-08-03 14:01:23.503168+00,book,btc_jpy,ask,16857617.000000,0.000000,true,
2025-08-03 14:01:23.503168+00,book,btc_jpy,bid,16842823.000000,0.005000,true,
2025-08-03 14:01:23.503168+00,book,btc_jpy,bid,16844654.000000,0.020000,true,
2025-08-03 14:01:23.503168+00,book,btc_jpy,bid,16850364.000000,0.018000,true,
2025-08-03 14:01:23.503168+00,book,btc_jpy,bid,16850568.000000,0.015000,true,
2025-08-03 14:01:23.503168+00,book,btc_jpy,bid,16851061.000000,0.020000,true,
2025-08-03 14:01:23.503168+00,book,btc_jpy,bid,16851426.000000,0.010000,true,
2025-08-03 14:01:23.503168+00,book,btc_jpy,bid,16852071.000000,0.030000,true,
2025-08-03 14:01:23.503168+00,book,btc_jpy,bid,16853952.000000,0.039945,true,
2025-08-03 14:01:23.503168+00,book,btc_jpy,bid,16844685.000000,0.000000,true,
2025-08-03 14:01:23.503168+00,book,btc_jpy,bid,16850283.000000,0.000000,true,
2025-08-03 14:01:23.503168+00,book,btc_jpy,bid,16850362.000000,0.000000,true,
2025-08-03 14:01:23.503168+00,book,btc_jpy,bid,16850570.000000,0.000000,true,
2025-08-03 14:01:23.503168+00,book,btc_jpy,bid,16850800.000000,0.000000,true,
2025-08-03 14:01:23.503168+00,book,btc_jpy,bid,16853903.000000,0.000000,true,
2025-08-03 14:01:24.220094+00,book,btc_jpy,bid,16842823.000000,0.010000,true,
2025-08-03 14:01:24.581117+00,book,btc_jpy,bid,16853952.000000,0.000000,true,
2025-08-03 14:01:24.581117+00,book,btc_jpy,ask,16864222.000000,0.015000,true,
2025-08-03 14:01:24.581117+00,book,btc_jpy,ask,16862623.000000,0.015000,true,
2025-08-03 14:01:24.581117+00,book,btc_jpy,ask,16858682.000000,0.010000,true,
2025-08-03 14:01:24.581117+00,book,btc_jpy,ask,16857556.000000,0.030000,true,
2025-08-03 14:01:24.581117+00,book,btc_jpy,ask,16863691.000000,0.000000,true,
2025-08-03 14:01:24.581117+00,book,btc_jpy,ask,16862715.000000,0.000000,true,
2025-08-03 14:01:24.581117+00,book,btc_jpy,ask,16858691.000000,0.000000,true,
2025-08-03 14:01:24.581117+00,book,btc_jpy,ask,16857553.000000,0.000000,true,
2025-08-03 14:01:24.581117+00,book,btc_jpy,bid,16821764.000000,0.002370,true,
2025-08-03 14:01:24.581117+00,book,btc_jpy,bid,16821767.000000,0.002370,true,
2025-08-03 14:01:24.581117+00,book,btc_jpy,bid,16821768.000000,0.002370,true,
2025-08-03 14:01:24.581117+00,book,btc_jpy,bid,16850693.000000,0.015000,true,
2025-08-03 14:01:24.581117+00,book,btc_jpy,bid,16851088.000000,0.015000,true,
2025-08-03 14:01:24.581117+00,book,btc_jpy,bid,16852046.000000,0.030000,true,
2025-08-03 14:01:24.581117+00,book,btc_jpy,bid,16853823.000000,0.039945,true,
2025-08-03 14:01:24.581117+00,book,btc_jpy,bid,16815007.000000,0.000000,true,
2025-08-03 14:01:24.581117+00,book,btc_jpy,bid,16815010.000000,0.000000,true,
2025-08-03 14:01:24.581117+00,book,btc_jpy,bid,16815011.000000,0.000000,true,
2025-08-03 14:01:24.581117+00,book,btc_jpy,bid,16850364.000000,0.000000,true,
2025-08-03 14:01:24.581117+00,book,btc_jpy,bid,16850568.000000,0.000000,true,
2025-08-03 14:01:24.581117+00,book,btc_jpy,bid,16852071.000000,0.000000,true,
2025-08-03 14:01:24.581117+00,book,btc_jpy,bid,16850785.000000,0.000000,true,
2025-08-03 14:01:24.934021+00,book,btc_jpy,bid,16850570.000000,0.018000,true,
2025-08-03 14:01:24.934021+00,book,btc_jpy,bid,16852046.000000,0.000000,true,
2025-08-03 14:01:24.934021+00,book,btc_jpy,ask,16857556.000000,0.000000,true,
2025-08-03 14:01:24.934021+00,book,btc_jpy,bid,16821766.000000,0.002370,true,
2025-08-03 14:01:24.934021+00,book,btc_jpy,bid,16815020.000000,0.000000,true,
2025-08-03 14:01:25.311013+00,book,btc_jpy,ask,16857579.000000,0.030000,true,
2025-08-03 14:01:25.311013+00,book,btc_jpy,bid,16852007.000000,0.030000,true,
2025-08-03 14:01:25.311013+00,book,btc_jpy,bid,16842823.000000,0.015000,true,
2025-08-03 14:01:25.664242+00,book,btc_jpy,bid,16851374.000000,0.010000,true,
2025-08-03 14:01:25.664242+00,book,btc_jpy,ask,16933642.000000,0.002370,true,
2025-08-03 14:01:25.664242+00,book,btc_jpy,ask,16933641.000000,0.002370,true,
2025-08-03 14:01:25.664242+00,book,btc_jpy,ask,16933653.000000,0.000000,true,
2025-08-03 14:01:25.664242+00,book,btc_jpy,ask,16933652.000000,0.000000,true,
2025-08-03 14:01:25.664242+00,book,btc_jpy,ask,16857648.000000,0.000000,true,
2025-08-03 14:01:25.664242+00,book,btc_jpy,bid,16842823.000000,0.010000,true,
2025-08-03 14:01:25.664242+00,book,btc_jpy,bid,16850695.000000,0.018000,true,
2025-08-03 14:01:25.664242+00,book,btc_jpy,bid,16853828.000000,0.039945,true,
2025-08-03 14:01:25.664242+00,book,btc_jpy,bid,16851426.000000,0.000000,true,
2025-08-03 14:01:25.664242+00,book,btc_jpy,bid,16853823.000000,0.000000,true,
2025-08-03 14:01:26.020798+00,book,btc_jpy,bid,16852007.000000,0.000000,true,
2025-08-03 14:01:26.020798+00,book,btc_jpy,ask,16933984.000000,0.002370,true,
2025-08-03 14:01:26.020798+00,book,btc_jpy,ask,16858681.000000,0.010000,true,
2025-08-03 14:01:26.020798+00,book,btc_jpy,ask,16858159.000000,0.100000,true,
2025-08-03 14:01:26.020798+00,book,btc_jpy,ask,16858109.000000,0.030000,true,
2025-08-03 14:01:26.020798+00,book,btc_jpy,ask,16933656.000000,0.000000,true,
2025-08-03 14:01:26.020798+00,book,btc_jpy,ask,16860391.000000,0.000000,true,
2025-08-03 14:01:26.020798+00,book,btc_jpy,ask,16857636.000000,0.000000,true,
2025-08-03 14:01:26.020798+00,book,btc_jpy,ask,16857579.000000,0.000000,true,
2025-08-03 14:01:26.020798+00,book,btc_jpy,bid,16851560.000000,0.005000,true,
2025-08-03 14:01:26.020798+00,book,btc_jpy,bid,16852481.000000,0.030000,true,
2025-08-03 14:01:26.020798+00,book,btc_jpy,bid,16853824.000000,0.040000,true,
2025-08-03 14:01:26.020798+00,book,btc_jpy,bid,16850570.000000,0.000000,true,
2025-08-03 14:01:26.371507+00,book,btc_jpy,bid,16850695.000000,0.000000,true,
2025-08-03 14:01:26.371507+00,book,btc_jpy,bid,16842823.000000,0.015000,true,
2025-08-03 14:01:26.371507+00,book,btc_jpy,bid,16851649.000000,0.010000,true,
2025-08-03 14:01:26.371507+00,book,btc_jpy,bid,16851374.000000,0.000000,true,
2025-08-03 14:01:26.732224+00,book,btc_jpy,bid,16852481.000000,0.000000,true,
2025-08-03 14:01:26.732224+00,book,btc_jpy,ask,16933975.000000,0.002370,true,
2025-08-03 14:01:26.732224+00,book,btc_jpy,ask,16864870.000000,0.015000,true,
2025-08-03 14:01:26.732224+00,book,btc_jpy,ask,16860961.000000,0.020000,true,
2025-08-03 14:01:26.732224+00,book,btc_jpy,ask,16858480.000000,0.030000,true,
2025-08-03 14:01:26.732224+00,book,btc_jpy,ask,16858132.000000,0.010084,true,
2025-08-03 14:01:26.732224+00,book,btc_jpy,ask,16933991.000000,0.000000,true,
2025-08-03 14:01:26.732224+00,book,btc_jpy,ask,16864222.000000,0.000000,true,
2025-08-03 14:01:26.732224+00,book,btc_jpy,ask,16860399.000000,0.000000,true,
2025-08-03 14:01:26.732224+00,book,btc_jpy,ask,16858109.000000,0.000000,true,
2025-08-03 14:01:26.732224+00,book,btc_jpy,bid,16842823.000000,0.010000,true,
2025-08-03 14:01:26.732224+00,book,btc_jpy,bid,16851614.000000,0.020000,true,
2025-08-03 14:01:26.732224+00,book,btc_jpy,bid,16851741.000000,0.015000,true,
2025-08-03 14:01:26.732224+00,book,btc_jpy,bid,16854573.000000,0.039945,true,
2025-08-03 14:01:26.732224+00,book,btc_jpy,bid,16851061.000000,0.000000,true,
2025-08-03 14:01:26.732224+00,book,btc_jpy,bid,16851088.000000,0.000000,true,
2025-08-03 14:01:26.732224+00,book,btc_jpy,bid,16853828.000000,0.000000,true,
2025-08-03 14:01:27.091645+00,book,btc_jpy,bid,16844622.000000,0.020000,true,
2025-08-03 14:01:27.091645+00,book,btc_jpy,bid,16821778.000000,0.002370,true,
2025-08-03 14:01:27.091645+00,book,btc_jpy,bid,16821779.000000,0.002370,true,
2025-08-03 14:01:27.091645+00,book,btc_jpy,bid,16850695.000000,0.018000,true,
2025-08-03 14:01:27.091645+00,book,btc_jpy,bid,16851742.000000,0.040000,true,
2025-08-03 14:01:27.091645+00,book,btc_jpy,bid,16852827.000000,0.030000,true,
2025-08-03 14:01:27.091645+00,book,btc_jpy,bid,16821767.000000,0.000000,true,
2025-08-03 14:01:27.091645+00,book,btc_jpy,bid,16821768.000000,0.000000,true,
2025-08-03 14:01:27.091645+00,book,btc_jpy,bid,16844654.000000,0.000000,true,
2025-08-03 14:01:27.091645+00,book,btc_jpy,bid,16853824.000000,0.000000,true,
2025-08-03 14:01:27.452236+00,book,btc_jpy,bid,16852827.000000,0.000000,true,
2025-08-03 14:01:27.452236+00,book,btc_jpy,ask,16858349.000000,0.030000,true,
2025-08-03 14:01:27.452236+00,book,btc_jpy,ask,16858480.000000,0.000000,true,
2025-08-03 14:01:27.452236+00,book,btc_jpy,ask,16858159.000000,0.000000,true,
2025-08-03 14:01:27.452236+00,book,btc_jpy,bid,16842823.000000,0.005000,true,
2025-08-03 14:01:27.452236+00,book,btc_jpy,bid,16851958.000000,0.010000,true,
2025-08-03 14:01:27.452236+00,book,btc_jpy,bid,16852648.000000,0.030000,true,
2025-08-03 14:01:27.452236+00,book,btc_jpy,bid,16852828.000000,0.040000,true,
2025-08-03 14:01:27.452236+00,book,btc_jpy,bid,16821764.000000,0.000000,true,
2025-08-03 14:01:27.452236+00,book,btc_jpy,bid,16851649.000000,0.000000,true,
2025-08-03 14:01:27.452236+00,book,btc_jpy,bid,16851742.000000,0.000000,true,
2025-08-03 14:01:27.820848+00,book,btc_jpy,bid,16842823.000000,0.000000,true,
2025-08-03 14:01:27.820848+00,book,btc_jpy,ask,16858680.000000,0.100000,true,
2025-08-03 14:01:27.820848+00,book,btc_jpy,ask,16864870.000000,0.000000,true,
2025-08-03 14:01:27.820848+00,book,btc_jpy,bid,16821786.000000,0.002370,true,
2025-08-03 14:01:27.820848+00,book,btc_jpy,bid,16850695.000000,0.000000,true,
2025-08-03 14:01:27.820848+00,book,btc_jpy,bid,16851741.000000,0.000000,true,
2025-08-03 14:01:27.820848+00,book,btc_jpy,bid,16854573.000000,0.000000,true,
2025-08-03 14:01:27.820848+00,book,btc_jpy,bid,16854739.000000,0.039945,true,
2025-08-03 14:01:28.176512+00,book,btc_jpy,ask,16861509.000000,0.020000,true,
2025-08-03 14:01:28.176512+00,book,btc_jpy,ask,16859324.000000,0.100000,true,
2025-08-03 14:01:28.176512+00,book,btc_jpy,ask,16860961.000000,0.000000,true,
2025-08-03 14:01:28.176512+00,book,btc_jpy,ask,16858690.000000,0.000000,true,
2025-08-03 14:01:28.176512+00,book,btc_jpy,bid,16851614.000000,0.000000,true,
2025-08-03 14:01:28.176512+00,book,btc_jpy,bid,16852053.000000,0.015000,true,
2025-08-03 14:01:28.176512+00,book,btc_jpy,bid,16852181.000000,0.020000,true,
2025-08-03 14:01:28.176512+00,book,btc_jpy,bid,16854574.000000,0.040000,true,
2025-08-03 14:01:28.176512+00,book,btc_jpy,bid,16821766.000000,0.000000,true,
2025-08-03 14:01:28.176512+00,book,btc_jpy,bid,16852828.000000,0.000000,true,
2025-08-03 14:01:28.176512+00,book,btc_jpy,ask,16865175.000000,0.015000,true,
2025-08-03 14:01:28.537767+00,book,btc_jpy,ask,16858919.000000,0.030000,true,
2025-08-03 14:01:28.537767+00,book,btc_jpy,bid,16854739.000000,0.000000,true,
2025-08-03 14:01:28.537767+00,book,btc_jpy,bid,16854574.000000,0.000000,true,
2025-08-03 14:01:28.537767+00,book,btc_jpy,bid,16852648.000000,0.000000,true,
2025-08-03 14:01:28.537767+00,book,btc_jpy,bid,16851958.000000,0.000000,true,
2025-08-03 14:01:28.537767+00,book,btc_jpy,bid,16853176.000000,0.030000,true,
2025-08-03 14:01:28.537767+00,book,btc_jpy,bid,16852119.000000,0.010000,true,
2025-08-03 14:01:28.537767+00,book,btc_jpy,bid,16842823.000000,0.005000,true,
2025-08-03 14:01:28.537767+00,book,btc_jpy,bid,16821788.000000,0.002370,true,
2025-08-03 14:01:28.537767+00,book,btc_jpy,ask,16858132.000000,0.000000,true,
2025-08-03 14:01:28.537767+00,book,btc_jpy,ask,16858160.000000,0.000000,true,
2025-08-03 14:01:28.537767+00,book,btc_jpy,ask,16858349.000000,0.000000,true,
2025-08-03 14:01:28.537767+00,book,btc_jpy,ask,16858680.000000,0.000000,true,
2025-08-03 14:01:28.537767+00,book,btc_jpy,ask,16858681.000000,0.000000,true,
2025-08-03 14:01:28.537767+00,book,btc_jpy,ask,16858682.000000,0.000000,true,
2025-08-03 14:01:28.537767+00,book,btc_jpy,ask,16933641.000000,0.000000,true,
2025-08-03 14:01:28.537767+00,book,btc_jpy,ask,16933642.000000,0.000000,true,
2025-08-03 14:01:28.537767+00,book,btc_jpy,ask,16858436.000000,0.009695,true,
2025-08-03 14:01:28.537767+00,book,btc_jpy,ask,16858653.000000,0.010084,true,
2025-08-03 14:01:28.537767+00,book,btc_jpy,ask,16859324.000000,0.200000,true,
2025-08-03 14:01:28.537767+00,book,btc_jpy,ask,16933964.000000,0.002370,true,
2025-08-03 14:01:28.895715+00,book,btc_jpy,bid,16852649.000000,0.040000,true,
2025-08-03 14:01:28.895715+00,book,btc_jpy,ask,16933965.000000,0.002370,true,
2025-08-03 14:01:28.895715+00,book,btc_jpy,bid,16854973.000000,0.039945,true,
2025-08-03 14:01:28.895715+00,book,btc_jpy,bid,16850734.000000,0.018000,true,
2025-08-03 14:01:28.895715+00,book,btc_jpy,bid,16842823.000000,0.010000,true,
2025-08-03 14:01:29.241002+00,book,btc_jpy,ask,16858694.000000,0.030000,true,
2025-08-03 14:01:29.241002+00,book,btc_jpy,ask,16858173.000000,0.003000,true,
2025-08-03 14:01:29.241002+00,book,btc_jpy,ask,16933984.000000,0.000000,true,
2025-08-03 14:01:29.241002+00,book,btc_jpy,ask,16865175.000000,0.000000,true,
2025-08-03 14:01:29.241002+00,book,btc_jpy,ask,16858919.000000,0.000000,true,
2025-08-03 14:01:29.241002+00,book,btc_jpy,ask,16858653.000000,0.000000,true,
2025-08-03 14:01:29.241002+00,book,btc_jpy,bid,16842823.000000,0.005000,true,
2025-08-03 14:01:29.241002+00,book,btc_jpy,bid,16852157.000000,0.015000,true,
2025-08-03 14:01:29.241002+00,book,btc_jpy,bid,16852934.000000,0.030000,true,
2025-08-03 14:01:29.241002+00,book,btc_jpy,bid,16851560.000000,0.000000,true,
2025-08-03 14:01:29.241002+00,book,btc_jpy,bid,16853176.000000,0.000000,true,
2025-08-03 14:01:29.241002+00,book,btc_jpy,bid,16852053.000000,0.000000,true,
2025-08-03 14:01:29.241002+00,book,btc_jpy,ask,16933957.000000,0.002370,true,
2025-08-03 14:01:29.241002+00,book,btc_jpy,ask,16864913.000000,0.015000,true,
2025-08-03 14:01:29.241002+00,book,btc_jpy,ask,16859323.000000,0.060000,true,
2025-08-03 14:01:29.241002+00,book,btc_jpy,ask,16859297.000000,0.010083,true,
2025-08-03 14:01:29.581879+00,book,btc_jpy,ask,16861509.000000,0.000000,true,
2025-08-03 14:01:29.581879+00,book,btc_jpy,ask,16861504.000000,0.042100,true,
2025-08-03 14:01:29.581879+00,book,btc_jpy,ask,16860913.000000,0.020000,true,
2025-08-03 14:01:29.581879+00,book,btc_jpy,bid,16851586.000000,0.020000,true,
2025-08-03 14:01:29.581879+00,book,btc_jpy,bid,16851920.000000,0.010000,true,
2025-08-03 14:01:29.581879+00,book,btc_jpy,bid,16852119.000000,0.000000,true,
2025-08-03 14:01:29.581879+00,book,btc_jpy,bid,16852181.000000,0.000000,true,
2025-08-03 14:01:29.92876+00,book,btc_jpy,bid,16854973.000000,0.000000,true,
2025-08-03 14:01:29.92876+00,book,btc_jpy,ask,16933948.000000,0.002370,true,
2025-08-03 14:01:29.92876+00,book,btc_jpy,ask,16858648.000000,0.010000,true,
2025-08-03 14:01:29.92876+00,book,btc_jpy,ask,16858368.000000,0.030000,true,
2025-08-03 14:01:29.92876+00,book,btc_jpy,ask,16933975.000000,0.000000,true,
2025-08-03 14:01:29.92876+00,book,btc_jpy,ask,16858694.000000,0.000000,true,
2025-08-03 14:01:29.92876+00,book,btc_jpy,bid,16852569.000000,0.030000,true,
2025-08-03 14:01:29.92876+00,book,btc_jpy,bid,16854652.000000,0.039945,true,
2025-08-03 14:01:29.92876+00,book,btc_jpy,bid,16842823.000000,0.000000,true,
2025-08-03 14:01:29.92876+00,book,btc_jpy,bid,16852934.000000,0.000000,true,
2025-08-03 14:01:30.284605+00,book,btc_jpy,bid,16851920.000000,0.000000,true,
2025-08-03 14:01:30.284605+00,book,btc_jpy,ask,16865093.000000,0.015000,true,
2025-08-03 14:01:30.284605+00,book,btc_jpy,ask,16864913.000000,0.000000,true,
2025-08-03 14:01:30.284605+00,book,btc_jpy,bid,16821798.000000,0.002370,true,
2025-08-03 14:01:30.284605+00,book,btc_jpy,bid,16821799.000000,0.002370,true,
2025-08-03 14:01:30.284605+00,book,btc_jpy,bid,16842823.000000,0.005000,true,
2025-08-03 14:01:30.284605+00,book,btc_jpy,bid,16852451.000000,0.015000,true,
2025-08-03 14:01:30.284605+00,book,btc_jpy,bid,16852157.000000,0.000000,true,
2025-08-03 14:01:30.284605+00,book,btc_jpy,bid,16821778.000000,0.000000,true,
2025-08-03 14:01:30.284605+00,book,btc_jpy,bid,16821779.000000,0.000000,true,
2025-08-03 14:01:30.478241+00,trade,btc_jpy,buy,16858173.000000,0.003000,false,291007088
2025-08-03 14:01:30.654361+00,book,btc_jpy,ask,16859915.000000,0.009695,true,
2025-08-03 14:01:30.654361+00,book,btc_jpy,ask,16884999.000000,0.010000,true,
2025-08-03 14:01:30.654361+00,book,btc_jpy,ask,16862031.000000,0.020000,true,
2025-08-03 14:01:30.654361+00,book,btc_jpy,ask,16881372.000000,0.000000,true,
2025-08-03 14:01:30.654361+00,book,btc_jpy,ask,16863716.000000,0.000000,true,
2025-08-03 14:01:30.654361+00,book,btc_jpy,ask,16861874.000000,0.000000,true,
2025-08-03 14:01:30.654361+00,book,btc_jpy,ask,16861711.000000,0.000000,true,
2025-08-03 14:01:30.654361+00,book,btc_jpy,ask,16861504.000000,0.000000,true,
2025-08-03 14:01:30.654361+00,book,btc_jpy,ask,16860913.000000,0.000000,true,
2025-08-03 14:01:30.654361+00,book,btc_jpy,ask,16860681.000000,0.000000,true,
2025-08-03 14:01:30.654361+00,book,btc_jpy,ask,16859325.000000,0.000000,true,
2025-08-03 14:01:30.654361+00,book,btc_jpy,ask,16859324.000000,0.000000,true,
2025-08-03 14:01:30.654361+00,book,btc_jpy,ask,16859323.000000,0.000000,true,
2025-08-03 14:01:30.654361+00,book,btc_jpy,ask,16858648.000000,0.000000,true,
2025-08-03 14:01:30.654361+00,book,btc_jpy,ask,16858436.000000,0.000000,true,
2025-08-03 14:01:30.654361+00,book,btc_jpy,ask,16858368.000000,0.000000,true,
2025-08-03 14:01:30.654361+00,book,btc_jpy,bid,16847118.000000,0.042000,true,
2025-08-03 14:01:30.654361+00,book,btc_jpy,bid,16852543.000000,0.010000,true,
2025-08-03 14:01:30.654361+00,book,btc_jpy,bid,16853690.000000,0.030000,true,
2025-08-03 14:01:30.654361+00,book,btc_jpy,bid,16854653.000000,0.040000,true,
2025-08-03 14:01:30.654361+00,book,btc_jpy,bid,16856412.000000,0.020000,true,
2025-08-03 14:01:30.654361+00,book,btc_jpy,bid,16821786.000000,0.000000,true,
2025-08-03 14:01:30.654361+00,book,btc_jpy,bid,16840581.000000,0.000000,true,
2025-08-03 14:01:30.654361+00,book,btc_jpy,bid,16846727.000000,0.000000,true,
2025-08-03 14:01:30.654361+00,book,btc_jpy,bid,16847335.000000,0.000000,true,
2025-08-03 14:01:30.654361+00,book,btc_jpy,bid,16850179.000000,0.000000,true,
2025-08-03 14:01:30.654361+00,book,btc_jpy,bid,16850195.000000,0.000000,true,
2025-08-03 14:01:30.654361+00,book,btc_jpy,bid,16850734.000000,0.000000,true,
2025-08-03 14:01:30.654361+00,book,btc_jpy,bid,16851384.000000,0.000000,true,
2025-08-03 14:01:30.654361+00,book,btc_jpy,bid,16851559.000000,0.000000,true,
2025-08-03 14:01:30.654361+00,book,btc_jpy,bid,16851586.000000,0.000000,true,
2025-08-03 14:01:30.654361+00,book,btc_jpy,bid,16852569.000000,0.000000,true,
2025-08-03 14:01:30.654361+00,book,btc_jpy,bid,16852649.000000,0.000000,true,
2025-08-03 14:01:31.014147+00,book,btc_jpy,ask,16870738.000000,0.065497,true,
2025-08-03 14:01:31.014147+00,book,btc_jpy,ask,16863667.000000,0.111833,true,
2025-08-03 14:01:31.014147+00,book,btc_jpy,ask,16862982.000000,0.002400,true,
2025-08-03 14:01:31.014147+00,book,btc_jpy,ask,16862980.000000,0.004700,true,
2025-08-03 14:01:31.014147+00,book,btc_jpy,ask,16859522.000000,0.030000,true,
2025-08-03 14:01:31.014147+00,book,btc_jpy,ask,16859728.000000,0.000000,true,
2025-08-03 14:01:31.014147+00,book,btc_jpy,ask,16859726.000000,0.000000,true,
2025-08-03 14:01:31.014147+00,book,btc_jpy,ask,16858173.000000,0.000000,true,
2025-08-03 14:01:31.014147+00,book,btc_jpy,bid,16821806.000000,0.002370,true,
2025-08-03 14:01:31.014147+00,book,btc_jpy,bid,16842839.000000,0.050000,true,
2025-08-03 14:01:31.014147+00,book,btc_jpy,bid,16844744.000000,0.005000,true,
2025-08-03 14:01:31.014147+00,book,btc_jpy,bid,16846501.000000,0.020000,true,
2025-08-03 14:01:31.014147+00,book,btc_jpy,bid,16847336.000000,0.010000,true,
2025-08-03 14:01:31.014147+00,book,btc_jpy,bid,16851588.000000,0.018000,true,
2025-08-03 14:01:31.014147+00,book,btc_jpy,bid,16853074.000000,0.020000,true,
2025-08-03 14:01:31.014147+00,book,btc_jpy,bid,16853333.000000,0.047534,true,
2025-08-03 14:01:31.014147+00,book,btc_jpy,bid,16853514.000000,0.111833,true,
2025-08-03 14:01:31.014147+00,book,btc_jpy,bid,16855590.000000,0.039945,true,
2025-08-03 14:01:31.014147+00,book,btc_jpy,bid,16840983.000000,0.000000,true,
2025-08-03 14:01:31.014147+00,book,btc_jpy,bid,16844622.000000,0.000000,true,
2025-08-03 14:01:31.014147+00,book,btc_jpy,bid,16851436.000000,0.000000,true,
2025-08-03 14:01:31.014147+00,book,btc_jpy,bid,16854652.000000,0.000000,true,
2025-08-03 14:01:31.014147+00,book,btc_jpy,bid,16856412.000000,0.000000,true,
2025-08-03 14:01:31.374347+00,book,btc_jpy,ask,16864695.000000,0.015000,true,
2025-08-03 14:01:31.374347+00,book,btc_jpy,ask,16863824.000000,0.047534,true,
2025-08-03 14:01:31.374347+00,book,btc_jpy,ask,16863066.000000,0.042100,true,
2025-08-03 14:01:31.374347+00,book,btc_jpy,ask,16862804.000000,0.029899,true,
2025-08-03 14:01:31.374347+00,book,btc_jpy,ask,16862030.000000,0.260000,true,
2025-08-03 14:01:31.374347+00,book,btc_jpy,ask,16861619.000000,0.010000,true,
2025-08-03 14:01:31.374347+00,book,btc_jpy,ask,16861288.000000,0.037297,true,
2025-08-03 14:01:31.374347+00,book,btc_jpy,ask,16862623.000000,0.000000,true,
2025-08-03 14:01:31.374347+00,book,btc_jpy,ask,16859297.000000,0.000000,true,
2025-08-03 14:01:31.374347+00,book,btc_jpy,bid,16852029.000000,0.122022,true,
2025-08-03 14:01:31.374347+00,book,btc_jpy,bid,16852383.000000,0.015000,true,
2025-08-03 14:01:31.374347+00,book,btc_jpy,bid,16842823.000000,0.000000,true,
2025-08-03 14:01:31.374347+00,book,btc_jpy,bid,16847118.000000,0.000000,true,
2025-08-03 14:01:31.374347+00,book,btc_jpy,bid,16850693.000000,0.000000,true,
2025-08-03 14:01:31.725395+00,book,btc_jpy,ask,16865766.000000,0.144511,true,
2025-08-03 14:01:31.725395+00,book,btc_jpy,ask,16862030.000000,0.060000,true,
2025-08-03 14:01:31.725395+00,book,btc_jpy,ask,16862004.000000,0.010082,true,
2025-08-03 14:01:31.725395+00,book,btc_jpy,ask,16861033.000000,0.010000,true,
2025-08-03 14:01:31.725395+00,book,btc_jpy,ask,16865093.000000,0.000000,true,
2025-08-03 14:01:31.725395+00,book,btc_jpy,ask,16859915.000000,0.000000,true,
2025-08-03 14:01:31.725395+00,book,btc_jpy,ask,16859522.000000,0.000000,true,
2025-08-03 14:01:31.725395+00,book,btc_jpy,bid,16821808.000000,0.002370,true,
2025-08-03 14:01:31.725395+00,book,btc_jpy,bid,16842324.000000,0.035600,true,
2025-08-03 14:01:31.725395+00,book,btc_jpy,bid,16851486.000000,0.029000,true,
2025-08-03 14:01:31.725395+00,book,btc_jpy,bid,16852214.000000,0.144511,true,
2025-08-03 14:01:31.725395+00,book,btc_jpy,bid,16853148.000000,0.010000,true,
2025-08-03 14:01:31.725395+00,book,btc_jpy,bid,16855591.000000,0.040000,true,
2025-08-03 14:01:31.725395+00,book,btc_jpy,bid,16821788.000000,0.000000,true,
2025-08-03 14:01:31.725395+00,book,btc_jpy,bid,16852451.000000,0.000000,true,
2025-08-03 14:01:31.725395+00,book,btc_jpy,bid,16852543.000000,0.000000,true,
2025-08-03 14:01:31.725395+00,book,btc_jpy,bid,16853690.000000,0.000000,true,
2025-08-03 14:01:31.725395+00,book,btc_jpy,bid,16854653.000000,0.000000,true,
2025-08-03 14:01:32.085802+00,book,btc_jpy,ask,16861288.000000,0.000000,true,
2025-08-03 14:01:32.085802+00,book,btc_jpy,ask,16933938.000000,0.002370,true,
2025-08-03 14:01:32.085802+00,book,btc_jpy,ask,16933937.000000,0.002370,true,
2025-08-03 14:01:32.085802+00,book,btc_jpy,ask,16891077.000000,0.010000,true,
2025-08-03 14:01:32.085802+00,book,btc_jpy,ask,16865865.000000,0.015000,true,
2025-08-03 14:01:32.085802+00,book,btc_jpy,ask,16862779.000000,0.020000,true,
2025-08-03 14:01:32.085802+00,book,btc_jpy,ask,16862030.000000,0.160000,true,
2025-08-03 14:01:32.085802+00,book,btc_jpy,ask,16860671.000000,0.009695,true,
2025-08-03 14:01:32.085802+00,book,btc_jpy,ask,16859820.000000,0.030000,true,
2025-08-03 14:01:32.085802+00,book,btc_jpy,ask,16933965.000000,0.000000,true,
2025-08-03 14:01:32.085802+00,book,btc_jpy,ask,16933964.000000,0.000000,true,
2025-08-03 14:01:32.085802+00,book,btc_jpy,ask,16889179.000000,0.000000,true,
2025-08-03 14:01:32.085802+00,book,btc_jpy,ask,16862031.000000,0.000000,true,
2025-08-03 14:01:32.085802+00,book,btc_jpy,bid,16852544.000000,0.005000,true,
2025-08-03 14:01:32.085802+00,book,btc_jpy,bid,16853196.000000,0.015000,true,
2025-08-03 14:01:32.085802+00,book,btc_jpy,bid,16853675.000000,0.020000,true,
2025-08-03 14:01:32.085802+00,book,btc_jpy,bid,16853981.000000,0.030000,true,
2025-08-03 14:01:32.085802+00,book,btc_jpy,bid,16856216.000000,0.039945,true,
2025-08-03 14:01:32.085802+00,book,btc_jpy,bid,16821757.000000,0.000000,true,
2025-08-03 14:01:32.085802+00,book,btc_jpy,bid,16853074.000000,0.000000,true,
2025-08-03 14:01:32.085802+00,book,btc_jpy,bid,16855590.000000,0.000000,true,
2025-08-03 14:01:32.449971+00,book,btc_jpy,ask,16862044.000000,0.037297,true,
2025-08-03 14:01:32.449971+00,book,btc_jpy,ask,16862030.000000,0.050000,true,
2025-08-03 14:01:32.449971+00,book,btc_jpy,ask,16861032.000000,0.110000,true,
2025-08-03 14:01:32.449971+00,book,btc_jpy,ask,16860142.000000,0.030000,true,
2025-08-03 14:01:32.449971+00,book,btc_jpy,ask,16933957.000000,0.000000,true,
2025-08-03 14:01:32.449971+00,book,btc_jpy,ask,16870738.000000,0.000000,true,
2025-08-03 14:01:32.449971+00,book,btc_jpy,ask,16859820.000000,0.000000,true,
2025-08-03 14:01:32.449971+00,book,btc_jpy,bid,16823647.000000,0.010000,true,
2025-08-03 14:01:32.449971+00,book,btc_jpy,bid,16843085.000000,0.050000,true,
2025-08-03 14:01:32.449971+00,book,btc_jpy,bid,16853697.000000,0.010000,true,
2025-08-03 14:01:32.449971+00,book,btc_jpy,bid,16854284.000000,0.030000,true,
2025-08-03 14:01:32.449971+00,book,btc_jpy,bid,16842839.000000,0.000000,true,
2025-08-03 14:01:32.449971+00,book,btc_jpy,bid,16846501.000000,0.000000,true,
2025-08-03 14:01:32.449971+00,book,btc_jpy,bid,16850732.000000,0.000000,true,
2025-08-03 14:01:32.449971+00,book,btc_jpy,bid,16851588.000000,0.000000,true,
2025-08-03 14:01:32.449971+00,book,btc_jpy,bid,16852544.000000,0.000000,true,
2025-08-03 14:01:32.449971+00,book,btc_jpy,bid,16853981.000000,0.000000,true,
2025-08-03 14:01:32.805582+00,book,btc_jpy,ask,16933941.000000,0.002370,true,
2025-08-03 14:01:32.805582+00,book,btc_jpy,ask,16933928.000000,0.002370,true,
2025-08-03 14:01:32.805582+00,book,btc_jpy,ask,16866920.000000,0.015000,true,
2025-08-03 14:01:32.805582+00,book,btc_jpy,ask,16861032.000000,0.210000,true,
2025-08-03 14:01:32.805582+00,book,btc_jpy,ask,16860693.000000,0.050000,true,
2025-08-03 14:01:32.805582+00,book,btc_jpy,ask,16933948.000000,0.000000,true,
2025-08-03 14:01:32.805582+00,book,btc_jpy,ask,16865865.000000,0.000000,true,
2025-08-03 14:01:32.805582+00,book,btc_jpy,ask,16862030.000000,0.000000,true,
2025-08-03 14:01:32.805582+00,book,btc_jpy,ask,16862004.000000,0.000000,true,
2025-08-03 14:01:32.805582+00,book,btc_jpy,ask,16861033.000000,0.000000,true,
2025-08-03 14:01:32.805582+00,book,btc_jpy,ask,16860142.000000,0.000000,true,
2025-08-03 14:01:32.805582+00,book,btc_jpy,bid,16733959.000000,0.020000,true,
2025-08-03 14:01:32.805582+00,book,btc_jpy,bid,16853056.000000,0.020600,true,
2025-08-03 14:01:32.805582+00,book,btc_jpy,bid,16853129.000000,0.020000,true,
2025-08-03 14:01:32.805582+00,book,btc_jpy,bid,16853769.000000,0.010000,true,
2025-08-03 14:01:32.805582+00,book,btc_jpy,bid,16853982.000000,0.040000,true,
2025-08-03 14:01:32.805582+00,book,btc_jpy,bid,16854240.000000,0.015000,true,
2025-08-03 14:01:32.805582+00,book,btc_jpy,bid,16853148.000000,0.000000,true,
2025-08-03 14:01:32.805582+00,book,btc_jpy,bid,16853196.000000,0.000000,true,
2025-08-03 14:01:32.805582+00,book,btc_jpy,bid,16853675.000000,0.000000,true,
2025-08-03 14:01:32.805582+00,book,btc_jpy,bid,16855591.000000,0.000000,true,
2025-08-03 14:01:33.170449+00,book,btc_jpy,ask,16871208.000000,0.065497,true,
2025-08-03 14:01:33.170449+00,book,btc_jpy,ask,16861005.000000,0.010082,true,
2025-08-03 14:01:33.170449+00,book,btc_jpy,ask,16859999.000000,0.031000,true,
2025-08-03 14:01:33.170449+00,book,btc_jpy,bid,16843307.000000,0.050000,true,
2025-08-03 14:01:33.170449+00,book,btc_jpy,bid,16853150.000000,0.018000,true,
2025-08-03 14:01:33.170449+00,book,btc_jpy,bid,16854133.000000,0.030000,true,
2025-08-03 14:01:33.170449+00,book,btc_jpy,bid,16856130.000000,0.039945,true,
2025-08-03 14:01:33.170449+00,book,btc_jpy,bid,16821799.000000,0.000000,true,
2025-08-03 14:01:33.170449+00,book,btc_jpy,bid,16842324.000000,0.000000,true,
2025-08-03 14:01:33.170449+00,book,btc_jpy,bid,16843085.000000,0.000000,true,
2025-08-03 14:01:33.170449+00,book,btc_jpy,bid,16844744.000000,0.000000,true,
2025-08-03 14:01:33.170449+00,book,btc_jpy,bid,16854284.000000,0.000000,true,
2025-08-03 14:01:33.170449+00,book,btc_jpy,bid,16856216.000000,0.000000,true,
2025-08-03 14:01:33.542361+00,book,btc_jpy,ask,16861025.000000,0.010000,true,
2025-08-03 14:01:33.542361+00,book,btc_jpy,bid,16821818.000000,0.002370,true,
2025-08-03 14:01:33.542361+00,book,btc_jpy,bid,16821819.000000,0.002370,true,
2025-08-03 14:01:33.542361+00,book,btc_jpy,bid,16844037.000000,0.035600,true,
2025-08-03 14:01:33.542361+00,book,btc_jpy,bid,16846524.000000,0.020000,true,
2025-08-03 14:01:33.542361+00,book,btc_jpy,bid,16733959.000000,0.000000,true,
2025-08-03 14:01:33.542361+00,book,btc_jpy,bid,16821798.000000,0.000000,true,
2025-08-03 14:01:33.542361+00,book,btc_jpy,bid,16853769.000000,0.000000,true,
2025-08-03 14:01:33.542361+00,book,btc_jpy,bid,16853982.000000,0.000000,true,
2025-08-03 14:01:33.977547+00,book,btc_jpy,ask,16866464.000000,0.015000,true,
2025-08-03 14:01:33.977547+00,book,btc_jpy,ask,16860015.000000,0.030000,true,
2025-08-03 14:01:33.977547+00,book,btc_jpy,ask,16859999.000000,0.001000,true,
2025-08-03 14:01:33.977547+00,book,btc_jpy,ask,16866920.000000,0.000000,true,
2025-08-03 14:01:33.977547+00,book,btc_jpy,ask,16861025.000000,0.000000,true,
2025-08-03 14:01:33.977547+00,book,btc_jpy,bid,16821592.000000,0.002370,true,
2025-08-03 14:01:33.977547+00,book,btc_jpy,bid,16844744.000000,0.005000,true,
2025-08-03 14:01:33.977547+00,book,btc_jpy,bid,16853880.000000,0.015000,true,
2025-08-03 14:01:33.977547+00,book,btc_jpy,bid,16854120.000000,0.030000,true,
2025-08-03 14:01:33.977547+00,book,btc_jpy,bid,16854285.000000,0.040000,true,
2025-08-03 14:01:33.977547+00,book,btc_jpy,bid,16856137.000000,0.039945,true,
2025-08-03 14:01:33.977547+00,book,btc_jpy,bid,16821806.000000,0.000000,true,
2025-08-03 14:01:33.977547+00,book,btc_jpy,bid,16844037.000000,0.000000,true,
2025-08-03 14:01:33.977547+00,book,btc_jpy,bid,16853150.000000,0.000000,true,
2025-08-03 14:01:33.977547+00,book,btc_jpy,bid,16854133.000000,0.000000,true,
2025-08-03 14:01:33.977547+00,book,btc_jpy,bid,16854240.000000,0.000000,true,
2025-08-03 14:01:33.977547+00,book,btc_jpy,bid,16856130.000000,0.000000,true,
2025-08-03 14:01:34.329086+00,book,btc_jpy,ask,16871208.000000,0.000000,true,
2025-08-03 14:01:34.329086+00,book,btc_jpy,bid,16843529.000000,0.050000,true,
2025-08-03 14:01:34.329086+00,book,btc_jpy,bid,16844744.000000,0.010000,true,
2025-08-03 14:01:34.329086+00,book,btc_jpy,bid,16843307.000000,0.000000,true,
2025-08-03 14:01:34.83761+00,book,btc_jpy,ask,16933917.000000,0.002370,true,
2025-08-03 14:01:34.83761+00,book,btc_jpy,ask,16860995.000000,0.010000,true,
2025-08-03 14:01:34.83761+00,book,btc_jpy,ask,16859977.000000,0.030000,true,
2025-08-03 14:01:34.83761+00,book,btc_jpy,ask,16933937.000000,0.000000,true,
2025-08-03 14:01:34.83761+00,book,btc_jpy,ask,16860015.000000,0.000000,true,
2025-08-03 14:01:34.83761+00,book,btc_jpy,bid,16821828.000000,0.002370,true,
2025-08-03 14:01:34.83761+00,book,btc_jpy,bid,16853131.000000,0.018000,true,
2025-08-03 14:01:34.83761+00,book,btc_jpy,bid,16853759.000000,0.010000,true,
2025-08-03 14:01:34.83761+00,book,btc_jpy,bid,16854051.000000,0.030000,true,
2025-08-03 14:01:34.83761+00,book,btc_jpy,bid,16821808.000000,0.000000,true,
2025-08-03 14:01:34.83761+00,book,btc_jpy,bid,16854120.000000,0.000000,true,
2025-08-03 14:01:35.184071+00,book,btc_jpy,ask,16933918.000000,0.002370,true,
2025-08-03 14:01:35.184071+00,book,btc_jpy,ask,16933938.000000,0.000000,true,
2025-08-03 14:01:35.184071+00,book,btc_jpy,bid,16843459.000000,0.035600,true,
2025-08-03 14:01:35.184071+00,book,btc_jpy,bid,16844744.000000,0.005000,true,
2025-08-03 14:01:35.184071+00,book,btc_jpy,bid,16853131.000000,0.036000,true,
2025-08-03 14:01:35.184071+00,book,btc_jpy,bid,16856140.000000,0.039945,true,
2025-08-03 14:01:35.184071+00,book,btc_jpy,bid,16856137.000000,0.000000,true,
2025-08-03 14:01:35.538531+00,book,btc_jpy,ask,16933941.000000,0.000000,true,
2025-08-03 14:01:35.538531+00,book,btc_jpy,ask,16859977.000000,0.000000,true,
2025-08-03 14:01:35.538531+00,book,btc_jpy,bid,16853131.000000,0.018000,true,
2025-08-03 14:01:35.538531+00,book,btc_jpy,bid,16854051.000000,0.000000,true,
2025-08-03 14:01:36.251487+00,book,btc_jpy,ask,16933910.000000,0.002370,true,
2025-08-03 14:01:36.251487+00,book,btc_jpy,ask,16860013.000000,0.030000,true,
2025-08-03 14:01:36.251487+00,book,btc_jpy,bid,16854070.000000,0.030000,true,
2025-08-03 14:01:36.251487+00,book,btc_jpy,bid,16835803.000000,0.000000,true,
2025-08-03 14:01:36.611621+00,book,btc_jpy,ask,16933908.000000,0.002370,true,
2025-08-03 14:01:36.611621+00,book,btc_jpy,ask,16871741.000000,0.065497,true,
2025-08-03 14:01:36.611621+00,book,btc_jpy,ask,16861032.000000,0.110000,true,
2025-08-03 14:01:36.611621+00,book,btc_jpy,ask,16860123.000000,0.100000,true,
2025-08-03 14:01:36.611621+00,book,btc_jpy,ask,16860038.000000,0.030000,true,
2025-08-03 14:01:36.611621+00,book,btc_jpy,ask,16933928.000000,0.000000,true,
2025-08-03 14:01:36.611621+00,book,btc_jpy,ask,16863066.000000,0.000000,true,
2025-08-03 14:01:36.611621+00,book,btc_jpy,ask,16860013.000000,0.000000,true,
2025-08-03 14:01:36.611621+00,book,btc_jpy,bid,16821602.000000,0.002370,true,
2025-08-03 14:01:36.611621+00,book,btc_jpy,bid,16821839.000000,0.002370,true,
2025-08-03 14:01:36.611621+00,book,btc_jpy,bid,16836543.000000,0.010000,true,
2025-08-03 14:01:36.611621+00,book,btc_jpy,bid,16839908.000000,0.010000,true,
2025-08-03 14:01:36.611621+00,book,btc_jpy,bid,16843839.000000,0.050000,true,
2025-08-03 14:01:36.611621+00,book,btc_jpy,bid,16844744.000000,0.010000,true,
2025-08-03 14:01:36.611621+00,book,btc_jpy,bid,16854046.000000,0.030000,true,
2025-08-03 14:01:36.611621+00,book,btc_jpy,bid,16856230.000000,0.039945,true,
2025-08-03 14:01:36.611621+00,book,btc_jpy,bid,16821585.000000,0.000000,true,
2025-08-03 14:01:36.611621+00,book,btc_jpy,bid,16821818.000000,0.000000,true,
2025-08-03 14:01:36.611621+00,book,btc_jpy,bid,16821819.000000,0.000000,true,
2025-08-03 14:01:36.611621+00,book,btc_jpy,bid,16832437.000000,0.000000,true,
2025-08-03 14:01:36.611621+00,book,btc_jpy,bid,16843529.000000,0.000000,true,
2025-08-03 14:01:36.611621+00,book,btc_jpy,bid,16854070.000000,0.000000,true,
2025-08-03 14:01:36.611621+00,book,btc_jpy,bid,16856140.000000,0.000000,true,
2025-08-03 14:01:36.962293+00,book,btc_jpy,ask,16860038.000000,0.000000,true,
2025-08-03 14:01:36.962293+00,book,btc_jpy,bid,16854046.000000,0.000000,true,
2025-08-03 14:01:37.327594+00,book,btc_jpy,ask,16860311.000000,0.030000,true,
2025-08-03 14:01:37.327594+00,book,btc_jpy,ask,16861005.000000,0.000000,true,
2025-08-03 14:01:37.327594+00,book,btc_jpy,bid,16815007.000000,0.002370,true,
2025-08-03 14:01:37.327594+00,book,btc_jpy,bid,16853515.000000,0.005000,true,
2025-08-03 14:01:37.327594+00,book,btc_jpy,bid,16854261.000000,0.030000,true,
2025-08-03 14:01:37.327594+00,book,btc_jpy,bid,16856301.000000,0.039945,true,
2025-08-03 14:01:37.327594+00,book,btc_jpy,bid,16821592.000000,0.000000,true,
2025-08-03 14:01:37.327594+00,book,btc_jpy,bid,16853880.000000,0.000000,true,
2025-08-03 14:01:37.327594+00,book,btc_jpy,bid,16856230.000000,0.000000,true,
2025-08-03 14:01:37.677244+00,book,btc_jpy,ask,16866464.000000,0.000000,true,
2025-08-03 14:01:37.677244+00,book,btc_jpy,ask,16866644.000000,0.015000,true,
2025-08-03 14:01:37.677244+00,book,btc_jpy,ask,16860096.000000,0.010083,true,
2025-08-03 14:01:37.677244+00,book,btc_jpy,bid,16823830.000000,0.600000,true,
2025-08-03 14:01:37.677244+00,book,btc_jpy,bid,16853930.000000,0.010000,true,
2025-08-03 14:01:37.677244+00,book,btc_jpy,bid,16854069.000000,0.015000,true,
2025-08-03 14:01:37.677244+00,book,btc_jpy,bid,16853759.000000,0.000000,true,
2025-08-03 14:01:38.028861+00,book,btc_jpy,ask,16933898.000000,0.002370,true,
2025-08-03 14:01:38.028861+00,book,btc_jpy,ask,16933897.000000,0.002370,true,
2025-08-03 14:01:38.028861+00,book,btc_jpy,ask,16872137.000000,0.065497,true,
2025-08-03 14:01:38.028861+00,book,btc_jpy,ask,16864339.000000,0.015000,true,
2025-08-03 14:01:38.028861+00,book,btc_jpy,ask,16860150.000000,0.030000,true,
2025-08-03 14:01:38.028861+00,book,btc_jpy,ask,16933918.000000,0.000000,true,
2025-08-03 14:01:38.028861+00,book,btc_jpy,ask,16933917.000000,0.000000,true,
2025-08-03 14:01:38.028861+00,book,btc_jpy,ask,16871741.000000,0.000000,true,
2025-08-03 14:01:38.028861+00,book,btc_jpy,ask,16864695.000000,0.000000,true,
2025-08-03 14:01:38.028861+00,book,btc_jpy,ask,16860311.000000,0.000000,true,
2025-08-03 14:01:38.028861+00,book,btc_jpy,bid,16815009.000000,0.002370,true,
2025-08-03 14:01:38.028861+00,book,btc_jpy,bid,16844233.000000,0.050000,true,
2025-08-03 14:01:38.028861+00,book,btc_jpy,bid,16852706.000000,0.015000,true,
2025-08-03 14:01:38.028861+00,book,btc_jpy,bid,16854070.000000,0.030000,true,
2025-08-03 14:01:38.028861+00,book,btc_jpy,bid,16821828.000000,0.000000,true,
2025-08-03 14:01:38.028861+00,book,btc_jpy,bid,16843839.000000,0.000000,true,
2025-08-03 14:01:38.028861+00,book,btc_jpy,bid,16852383.000000,0.000000,true,
2025-08-03 14:01:38.028861+00,book,btc_jpy,bid,16854261.000000,0.000000,true,
2025-08-03 14:01:38.370434+00,book,btc_jpy,ask,16862083.000000,0.020000,true,
2025-08-03 14:01:38.370434+00,book,btc_jpy,ask,16861032.000000,0.100000,true,
2025-08-03 14:01:38.370434+00,book,btc_jpy,ask,16862779.000000,0.000000,true,
2025-08-03 14:01:38.370434+00,book,btc_jpy,bid,16855928.000000,0.039945,true,
2025-08-03 14:01:38.370434+00,book,btc_jpy,bid,16853930.000000,0.000000,true,
2025-08-03 14:01:38.370434+00,book,btc_jpy,bid,16856301.000000,0.000000,true,
2025-08-03 14:01:38.725004+00,book,btc_jpy,ask,16861318.000000,0.020000,true,
2025-08-03 14:01:38.725004+00,book,btc_jpy,ask,16860102.000000,0.100000,true,
2025-08-03 14:01:38.725004+00,book,btc_jpy,ask,16860022.000000,0.010000,true,
2025-08-03 14:01:38.725004+00,book,btc_jpy,ask,16866644.000000,0.000000,true,
2025-08-03 14:01:38.725004+00,book,btc_jpy,ask,16862083.000000,0.000000,true,
2025-08-03 14:01:38.725004+00,book,btc_jpy,ask,16861032.000000,0.000000,true,
2025-08-03 14:01:38.725004+00,book,btc_jpy,ask,16860150.000000,0.000000,true,
2025-08-03 14:01:38.725004+00,book,btc_jpy,bid,16844744.000000,0.005000,true,
2025-08-03 14:01:38.725004+00,book,btc_jpy,bid,16852326.000000,0.020000,true,
2025-08-03 14:01:38.725004+00,book,btc_jpy,bid,16852790.000000,0.015000,true,
2025-08-03 14:01:38.725004+00,book,btc_jpy,bid,16853243.000000,0.010000,true,
2025-08-03 14:01:38.725004+00,book,btc_jpy,bid,16853129.000000,0.000000,true,
2025-08-03 14:01:38.725004+00,book,btc_jpy,bid,16854069.000000,0.000000,true,
2025-08-03 14:01:38.725004+00,book,btc_jpy,bid,16854070.000000,0.000000,true,
2025-08-03 14:01:39.081453+00,book,btc_jpy,ask,16933890.000000,0.002370,true,
2025-08-03 14:01:39.081453+00,book,btc_jpy,ask,16865524.000000,0.015000,true,
2025-08-03 14:01:39.081453+00,book,btc_jpy,ask,16859999.000000,0.044909,true,
2025-08-03 14:01:39.081453+00,book,btc_jpy,ask,16859189.000000,0.030000,true,
2025-08-03 14:01:39.081453+00,book,btc_jpy,ask,16933910.000000,0.000000,true,
2025-08-03 14:01:39.081453+00,book,btc_jpy,bid,16853062.000000,0.030000,true,
2025-08-03 14:01:39.081453+00,book,btc_jpy,bid,16844744.000000,0.000000,true,
2025-08-03 14:01:39.081453+00,book,btc_jpy,bid,16853515.000000,0.000000,true,
2025-08-03 14:01:39.434268+00,book,btc_jpy,ask,16933888.000000,0.002370,true,
2025-08-03 14:01:39.434268+00,book,btc_jpy,ask,16860797.000000,0.020000,true,
2025-08-03 14:01:39.434268+00,book,btc_jpy,ask,16859999.000000,0.001000,true,
2025-08-03 14:01:39.434268+00,book,btc_jpy,ask,16933908.000000,0.000000,true,
2025-08-03 14:01:39.434268+00,book,btc_jpy,ask,16861318.000000,0.000000,true,
2025-08-03 14:01:39.434268+00,book,btc_jpy,ask,16859189.000000,0.000000,true,
2025-08-03 14:01:39.434268+00,book,btc_jpy,bid,16844603.000000,0.035600,true,
2025-08-03 14:01:39.434268+00,book,btc_jpy,bid,16851360.000000,0.020000,true,
2025-08-03 14:01:39.434268+00,book,btc_jpy,bid,16851946.000000,0.010000,true,
2025-08-03 14:01:39.434268+00,book,btc_jpy,bid,16853516.000000,0.040000,true,
2025-08-03 14:01:39.434268+00,book,btc_jpy,bid,16854489.000000,0.039945,true,
2025-08-03 14:01:39.434268+00,book,btc_jpy,bid,16813695.000000,0.000000,true,
2025-08-03 14:01:39.434268+00,book,btc_jpy,bid,16821839.000000,0.000000,true,
2025-08-03 14:01:39.434268+00,book,btc_jpy,bid,16843459.000000,0.000000,true,
2025-08-03 14:01:39.434268+00,book,btc_jpy,bid,16852326.000000,0.000000,true,
2025-08-03 14:01:39.434268+00,book,btc_jpy,bid,16853062.000000,0.000000,true,
2025-08-03 14:01:39.434268+00,book,btc_jpy,bid,16853243.000000,0.000000,true,
2025-08-03 14:01:39.434268+00,book,btc_jpy,bid,16854285.000000,0.000000,true,
2025-08-03 14:01:39.434268+00,book,btc_jpy,bid,16855928.000000,0.000000,true,
2025-08-03 14:01:39.781371+00,book,btc_jpy,ask,16861396.000000,0.020000,true,
2025-08-03 14:01:39.781371+00,book,btc_jpy,ask,16859618.000000,0.050000,true,
2025-08-03 14:01:39.781371+00,book,btc_jpy,ask,16859228.000000,0.100000,true,
2025-08-03 14:01:39.781371+00,book,btc_jpy,ask,16859084.000000,0.030000,true,
2025-08-03 14:01:39.781371+00,book,btc_jpy,ask,16860797.000000,0.000000,true,
2025-08-03 14:01:39.781371+00,book,btc_jpy,ask,16860693.000000,0.000000,true,
2025-08-03 14:01:39.781371+00,book,btc_jpy,ask,16860123.000000,0.000000,true,
2025-08-03 14:01:39.781371+00,book,btc_jpy,bid,16817183.000000,1.433090,true,
2025-08-03 14:01:39.781371+00,book,btc_jpy,bid,16823840.000000,0.002370,true,
2025-08-03 14:01:39.781371+00,book,btc_jpy,bid,16823841.000000,0.002370,true,
2025-08-03 14:01:39.781371+00,book,btc_jpy,bid,16844744.000000,0.005000,true,
2025-08-03 14:01:39.781371+00,book,btc_jpy,bid,16852036.000000,0.020000,true,
2025-08-03 14:01:39.781371+00,book,btc_jpy,bid,16852923.000000,0.030000,true,
2025-08-03 14:01:39.781371+00,book,btc_jpy,bid,16821602.000000,0.000000,true,
2025-08-03 14:01:39.781371+00,book,btc_jpy,bid,16851360.000000,0.000000,true,
2025-08-03 14:01:40.454688+00,book,btc_jpy,ask,16865291.000000,0.015000,true,
2025-08-03 14:01:40.454688+00,book,btc_jpy,ask,16859999.000000,0.044909,true,
2025-08-03 14:01:40.454688+00,book,btc_jpy,ask,16859454.000000,0.030000,true,
2025-08-03 14:01:40.454688+00,book,btc_jpy,ask,16865524.000000,0.000000,true,
2025-08-03 14:01:40.454688+00,book,btc_jpy,ask,16860096.000000,0.000000,true,
2025-08-03 14:01:40.454688+00,book,btc_jpy,ask,16860022.000000,0.000000,true,
2025-08-03 14:01:40.454688+00,book,btc_jpy,ask,16859084.000000,0.000000,true,
2025-08-03 14:01:40.454688+00,book,btc_jpy,bid,16844745.000000,0.005000,true,
2025-08-03 14:01:40.454688+00,book,btc_jpy,bid,16852576.000000,0.015000,true,
2025-08-03 14:01:40.454688+00,book,btc_jpy,bid,16853277.000000,0.030000,true,
2025-08-03 14:01:40.454688+00,book,btc_jpy,bid,16854490.000000,0.040000,true,
2025-08-03 14:01:40.454688+00,book,btc_jpy,bid,16854764.000000,0.003000,true,
2025-08-03 14:01:40.454688+00,book,btc_jpy,bid,16815007.000000,0.000000,true,
2025-08-03 14:01:40.454688+00,book,btc_jpy,bid,16844603.000000,0.000000,true,
2025-08-03 14:01:40.454688+00,book,btc_jpy,bid,16844744.000000,0.000000,true,
2025-08-03 14:01:40.454688+00,book,btc_jpy,bid,16852790.000000,0.000000,true,
2025-08-03 14:01:40.454688+00,book,btc_jpy,bid,16852923.000000,0.000000,true,
2025-08-03 14:01:40.454688+00,book,btc_jpy,bid,16853131.000000,0.000000,true,
2025-08-03 14:01:40.454688+00,book,btc_jpy,bid,16853516.000000,0.000000,true,
2025-08-03 14:01:40.830827+00,book,btc_jpy,ask,16859999.000000,0.001000,true,
2025-08-03 14:01:40.830827+00,book,btc_jpy,ask,16859205.000000,0.010000,true,
2025-08-03 14:01:40.830827+00,book,btc_jpy,bid,16823848.000000,0.002370,true,
2025-08-03 14:01:40.830827+00,book,btc_jpy,bid,16823850.000000,0.002370,true,
2025-08-03 14:01:40.830827+00,book,btc_jpy,bid,16852341.000000,0.010000,true,
2025-08-03 14:01:40.830827+00,book,btc_jpy,bid,16852925.000000,0.018000,true,
2025-08-03 14:01:40.830827+00,book,btc_jpy,bid,16855497.000000,0.039945,true,
2025-08-03 14:01:40.830827+00,book,btc_jpy,bid,16815009.000000,0.000000,true,
2025-08-03 14:01:40.830827+00,book,btc_jpy,bid,16851946.000000,0.000000,true,
2025-08-03 14:01:40.830827+00,book,btc_jpy,bid,16854489.000000,0.000000,true,
2025-08-03 14:01:41.203687+00,book,btc_jpy,ask,16933877.000000,0.002370,true,
2025-08-03 14:01:41.203687+00,book,btc_jpy,ask,16864981.000000,0.015000,true,
2025-08-03 14:01:41.203687+00,book,btc_jpy,ask,16859275.000000,0.030000,true,
2025-08-03 14:01:41.203687+00,book,btc_jpy,ask,16859228.000000,0.143909,true,
2025-08-03 14:01:41.203687+00,book,btc_jpy,ask,16859216.000000,0.010084,true,
2025-08-03 14:01:41.203687+00,book,btc_jpy,ask,16933898.000000,0.000000,true,
2025-08-03 14:01:41.203687+00,book,btc_jpy,ask,16933897.000000,0.000000,true,
2025-08-03 14:01:41.203687+00,book,btc_jpy,ask,16865291.000000,0.000000,true,
2025-08-03 14:01:41.203687+00,book,btc_jpy,ask,16859454.000000,0.000000,true,
2025-08-03 14:01:41.203687+00,book,btc_jpy,bid,16853082.000000,0.030000,true,
2025-08-03 14:01:41.203687+00,book,btc_jpy,bid,16852925.000000,0.000000,true,
2025-08-03 14:01:41.203687+00,book,btc_jpy,bid,16853277.000000,0.000000,true,
2025-08-03 14:01:41.59889+00,book,btc_jpy,ask,16933878.000000,0.002370,true,
2025-08-03 14:01:41.59889+00,book,btc_jpy,bid,16842324.000000,0.035600,true,
2025-08-03 14:01:41.59889+00,book,btc_jpy,bid,16855497.000000,0.000000,true,
2025-08-03 14:01:42.001276+00,book,btc_jpy,ask,16933870.000000,0.002370,true,
2025-08-03 14:01:42.001276+00,book,btc_jpy,ask,16859683.000000,0.030000,true,
2025-08-03 14:01:42.001276+00,book,btc_jpy,ask,16859228.000000,0.100000,true,
2025-08-03 14:01:42.001276+00,book,btc_jpy,ask,16933890.000000,0.000000,true,
2025-08-03 14:01:42.001276+00,book,btc_jpy,ask,16859275.000000,0.000000,true,
2025-08-03 14:01:42.001276+00,book,btc_jpy,bid,16853511.000000,0.030000,true,
2025-08-03 14:01:42.001276+00,book,btc_jpy,bid,16855259.000000,0.039945,true,
2025-08-03 14:01:42.001276+00,book,btc_jpy,bid,16844745.000000,0.000000,true,
2025-08-03 14:01:42.001276+00,book,btc_jpy,bid,16853082.000000,0.000000,true,
2025-08-03 14:01:42.001276+00,book,btc_jpy,bid,16854764.000000,0.000000,true,
2025-08-03 14:01:42.359193+00,book,btc_jpy,ask,16864234.000000,0.015000,true,
2025-08-03 14:01:42.359193+00,book,btc_jpy,ask,16933888.000000,0.000000,true,
2025-08-03 14:01:42.359193+00,book,btc_jpy,ask,16864981.000000,0.000000,true,
2025-08-03 14:01:42.359193+00,book,btc_jpy,ask,16864339.000000,0.000000,true,
2025-08-03 14:01:42.359193+00,book,btc_jpy,bid,16852576.000000,0.000000,true,
2025-08-03 14:01:43.036548+00,book,btc_jpy,ask,16933868.000000,0.002370,true,
2025-08-03 14:01:43.036548+00,book,btc_jpy,ask,16865537.000000,0.015000,true,
2025-08-03 14:01:43.036548+00,book,btc_jpy,ask,16859683.000000,0.000000,true,
2025-08-03 14:01:43.036548+00,book,btc_jpy,bid,16852707.000000,0.005000,true,
2025-08-03 14:01:43.036548+00,book,btc_jpy,bid,16852938.000000,0.010000,true,
2025-08-03 14:01:43.036548+00,book,btc_jpy,bid,16853051.000000,0.015000,true,
2025-08-03 14:01:43.036548+00,book,btc_jpy,bid,16852341.000000,0.000000,true,
2025-08-03 14:01:43.036548+00,book,btc_jpy,bid,16853511.000000,0.000000,true,
2025-08-03 14:01:43.036548+00,book,btc_jpy,bid,16855259.000000,0.000000,true,
2025-08-03 14:01:43.375909+00,book,btc_jpy,bid,16823857.000000,0.002370,true,
2025-08-03 14:01:43.375909+00,book,btc_jpy,bid,16823860.000000,0.002370,true,
2025-08-03 14:01:43.375909+00,book,btc_jpy,bid,16823861.000000,0.002370,true,
2025-08-03 14:01:43.375909+00,book,btc_jpy,bid,16844745.000000,0.005000,true,
2025-08-03 14:01:43.375909+00,book,btc_jpy,bid,16846556.000000,0.020000,true,
2025-08-03 14:01:43.375909+00,book,btc_jpy,bid,16852343.000000,0.018000,true,
2025-08-03 14:01:43.375909+00,book,btc_jpy,bid,16855767.000000,0.039945,true,
2025-08-03 14:01:43.375909+00,book,btc_jpy,bid,16823840.000000,0.000000,true,
2025-08-03 14:01:43.375909+00,book,btc_jpy,bid,16823841.000000,0.000000,true,
2025-08-03 14:01:43.375909+00,book,btc_jpy,bid,16823848.000000,0.000000,true,
2025-08-03 14:01:43.375909+00,book,btc_jpy,bid,16846524.000000,0.000000,true,
2025-08-03 14:01:43.721081+00,book,btc_jpy,ask,16860025.000000,0.030000,true,
2025-08-03 14:01:43.721081+00,book,btc_jpy,ask,16922890.000000,0.000000,true,
2025-08-03 14:01:43.721081+00,book,btc_jpy,bid,16853920.000000,0.030000,true,
2025-08-03 14:01:43.721081+00,book,btc_jpy,bid,16855894.000000,0.039945,true,
2025-08-03 14:01:43.721081+00,book,btc_jpy,bid,16788046.000000,0.000000,true,
2025-08-03 14:01:43.721081+00,book,btc_jpy,bid,16852707.000000,0.000000,true,
2025-08-03 14:01:43.721081+00,book,btc_jpy,bid,16855767.000000,0.000000,true,
2025-08-03 14:01:44.085496+00,book,btc_jpy,bid,16823870.000000,0.002370,true,
2025-08-03 14:01:44.085496+00,book,btc_jpy,bid,16823850.000000,0.000000,true,
2025-08-03 14:01:45.183854+00,book,btc_jpy,ask,16933861.000000,0.002370,true,
2025-08-03 14:01:45.183854+00,book,btc_jpy,ask,16933858.000000,0.002370,true,
2025-08-03 14:01:45.183854+00,book,btc_jpy,ask,16933857.000000,0.002370,true,
2025-08-03 14:01:45.183854+00,book,btc_jpy,ask,16859818.000000,0.030000,true,
2025-08-03 14:01:45.183854+00,book,btc_jpy,ask,16933878.000000,0.000000,true,
2025-08-03 14:01:45.183854+00,book,btc_jpy,ask,16933877.000000,0.000000,true,
2025-08-03 14:01:45.183854+00,book,btc_jpy,ask,16933870.000000,0.000000,true,
2025-08-03 14:01:45.183854+00,book,btc_jpy,ask,16860025.000000,0.000000,true,
2025-08-03 14:01:45.183854+00,book,btc_jpy,bid,16852216.000000,0.018000,true,
2025-08-03 14:01:45.183854+00,book,btc_jpy,bid,16853801.000000,0.030000,true,
2025-08-03 14:01:45.183854+00,book,btc_jpy,bid,16855845.000000,0.039945,true,
2025-08-03 14:01:45.183854+00,book,btc_jpy,bid,16852343.000000,0.000000,true,
2025-08-03 14:01:45.183854+00,book,btc_jpy,bid,16853920.000000,0.000000,true,
2025-08-03 14:01:45.183854+00,book,btc_jpy,bid,16855894.000000,0.000000,true,
2025-08-03 14:01:45.536972+00,book,btc_jpy,ask,16933868.000000,0.000000,true,
2025-08-03 14:01:45.536972+00,book,btc_jpy,ask,16891077.000000,0.000000,true,
2025-08-03 14:01:45.536972+00,book,btc_jpy,bid,16846593.000000,0.020000,true,
2025-08-03 14:01:45.536972+00,book,btc_jpy,bid,16852216.000000,0.036000,true,
2025-08-03 14:01:45.536972+00,book,btc_jpy,bid,16852741.000000,0.010000,true,
2025-08-03 14:01:45.536972+00,book,btc_jpy,bid,16823647.000000,0.000000,true,
2025-08-03 14:01:45.536972+00,book,btc_jpy,bid,16846556.000000,0.000000,true,
2025-08-03 14:01:45.536972+00,book,btc_jpy,bid,16852938.000000,0.000000,true,
2025-08-03 14:01:45.870443+00,book,btc_jpy,ask,16933859.000000,0.002370,true,
2025-08-03 14:01:45.870443+00,book,btc_jpy,ask,16865184.000000,0.015000,true,
2025-08-03 14:01:45.870443+00,book,btc_jpy,ask,16860063.000000,0.030000,true,
2025-08-03 14:01:45.870443+00,book,btc_jpy,ask,16865537.000000,0.000000,true,
2025-08-03 14:01:45.870443+00,book,btc_jpy,ask,16859818.000000,0.000000,true,
2025-08-03 14:01:45.870443+00,book,btc_jpy,bid,16823881.000000,0.002370,true,
2025-08-03 14:01:45.870443+00,book,btc_jpy,bid,16853302.000000,0.015000,true,
2025-08-03 14:01:45.870443+00,book,btc_jpy,bid,16854116.000000,0.030000,true,
2025-08-03 14:01:45.870443+00,book,btc_jpy,bid,16856000.000000,0.039945,true,
2025-08-03 14:01:45.870443+00,book,btc_jpy,bid,16823861.000000,0.000000,true,
2025-08-03 14:01:45.870443+00,book,btc_jpy,bid,16853051.000000,0.000000,true,
2025-08-03 14:01:45.870443+00,book,btc_jpy,bid,16853801.000000,0.000000,true,
2025-08-03 14:01:45.870443+00,book,btc_jpy,bid,16855845.000000,0.000000,true,
2025-08-03 14:01:46.217821+00,book,btc_jpy,bid,16823880.000000,0.002370,true,
2025-08-03 14:01:46.217821+00,book,btc_jpy,bid,16852216.000000,0.018000,true,
2025-08-03 14:01:46.217821+00,book,btc_jpy,bid,16823860.000000,0.000000,true,
2025-08-03 14:01:46.610248+00,book,btc_jpy,ask,16860063.000000,0.000000,true,
2025-08-03 14:01:46.610248+00,book,btc_jpy,bid,16852164.000000,0.010000,true,
2025-08-03 14:01:46.610248+00,book,btc_jpy,bid,16852741.000000,0.000000,true,
2025-08-03 14:01:46.610248+00,book,btc_jpy,bid,16854116.000000,0.000000,true,
2025-08-03 14:01:46.977602+00,book,btc_jpy,ask,16864911.000000,0.015000,true,
2025-08-03 14:01:46.977602+00,book,btc_jpy,ask,16859538.000000,0.030000,true,
2025-08-03 14:01:46.977602+00,book,btc_jpy,ask,16865184.000000,0.000000,true,
2025-08-03 14:01:46.977602+00,book,btc_jpy,bid,16823888.000000,0.002370,true,
2025-08-03 14:01:46.977602+00,book,btc_jpy,bid,16823890.000000,0.002370,true,
2025-08-03 14:01:46.977602+00,book,btc_jpy,bid,16853032.000000,0.015000,true,
2025-08-03 14:01:46.977602+00,book,btc_jpy,bid,16853620.000000,0.030000,true,
2025-08-03 14:01:46.977602+00,book,btc_jpy,bid,16855701.000000,0.039945,true,
2025-08-03 14:01:46.977602+00,book,btc_jpy,bid,16823857.000000,0.000000,true,
2025-08-03 14:01:46.977602+00,book,btc_jpy,bid,16823870.000000,0.000000,true,
2025-08-03 14:01:46.977602+00,book,btc_jpy,bid,16853302.000000,0.000000,true,
2025-08-03 14:01:46.977602+00,book,btc_jpy,bid,16856000.000000,0.000000,true,
2025-08-03 14:01:47.352562+00,book,btc_jpy,ask,16933846.000000,0.002370,true,
2025-08-03 14:01:47.352562+00,book,btc_jpy,ask,16933857.000000,0.000000,true,
2025-08-03 14:01:47.352562+00,book,btc_jpy,ask,16859538.000000,0.000000,true,
2025-08-03 14:01:47.352562+00,book,btc_jpy,bid,16844745.000000,0.010000,true,
2025-08-03 14:01:47.352562+00,book,btc_jpy,bid,16852164.000000,0.000000,true,
2025-08-03 14:01:47.352562+00,book,btc_jpy,bid,16853620.000000,0.000000,true,
2025-08-03 14:01:47.724069+00,book,btc_jpy,ask,16891590.000000,0.010000,true,
2025-08-03 14:01:47.724069+00,book,btc_jpy,ask,16860423.000000,0.020000,true,
2025-08-03 14:01:47.724069+00,book,btc_jpy,ask,16859588.000000,0.030000,true,
2025-08-03 14:01:47.724069+00,book,btc_jpy,ask,16933858.000000,0.000000,true,
2025-08-03 14:01:47.724069+00,book,btc_jpy,ask,16861396.000000,0.000000,true,
2025-08-03 14:01:47.724069+00,book,btc_jpy,bid,16852662.000000,0.010000,true,
2025-08-03 14:01:47.724069+00,book,btc_jpy,bid,16853515.000000,0.040000,true,
2025-08-03 14:01:47.724069+00,book,btc_jpy,bid,16853720.000000,0.030000,true,
2025-08-03 14:01:47.724069+00,book,btc_jpy,bid,16854490.000000,0.000000,true,
2025-08-03 14:01:47.724069+00,book,btc_jpy,bid,16855701.000000,0.000000,true,
2025-08-03 14:01:48.066089+00,book,btc_jpy,ask,16933847.000000,0.002370,true,
2025-08-03 14:01:48.066089+00,book,btc_jpy,ask,16859205.000000,0.053909,true,
2025-08-03 14:01:48.066089+00,book,btc_jpy,bid,16824158.000000,0.010000,true,
2025-08-03 14:01:48.066089+00,book,btc_jpy,bid,16844745.000000,0.015000,true,
2025-08-03 14:01:48.066089+00,book,btc_jpy,bid,16846629.000000,0.020000,true,
2025-08-03 14:01:48.066089+00,book,btc_jpy,bid,16850594.000000,0.020000,true,
2025-08-03 14:01:48.066089+00,book,btc_jpy,bid,16853057.000000,0.005000,true,
2025-08-03 14:01:48.066089+00,book,btc_jpy,bid,16854812.000000,0.039945,true,
2025-08-03 14:01:48.066089+00,book,btc_jpy,bid,16846593.000000,0.000000,true,
2025-08-03 14:01:48.066089+00,book,btc_jpy,bid,16852036.000000,0.000000,true,
2025-08-03 14:01:48.420863+00,book,btc_jpy,ask,16933839.000000,0.002370,true,
2025-08-03 14:01:48.420863+00,book,btc_jpy,ask,16925306.000000,0.020000,true,
2025-08-03 14:01:48.420863+00,book,btc_jpy,ask,16864664.000000,0.015000,true,
2025-08-03 14:01:48.420863+00,book,btc_jpy,ask,16861963.000000,0.042100,true,
2025-08-03 14:01:48.420863+00,book,btc_jpy,ask,16861205.000000,0.020000,true,
2025-08-03 14:01:48.420863+00,book,btc_jpy,ask,16859205.000000,0.010000,true,
2025-08-03 14:01:48.420863+00,book,btc_jpy,ask,16859091.000000,0.030000,true,
2025-08-03 14:01:48.420863+00,book,btc_jpy,ask,16933861.000000,0.000000,true,
2025-08-03 14:01:48.420863+00,book,btc_jpy,ask,16864911.000000,0.000000,true,
2025-08-03 14:01:48.420863+00,book,btc_jpy,ask,16860423.000000,0.000000,true,
2025-08-03 14:01:48.420863+00,book,btc_jpy,ask,16859588.000000,0.000000,true,
2025-08-03 14:01:48.420863+00,book,btc_jpy,bid,16844745.000000,0.010000,true,
2025-08-03 14:01:48.420863+00,book,btc_jpy,bid,16851850.000000,0.020000,true,
2025-08-03 14:01:48.420863+00,book,btc_jpy,bid,16852449.000000,0.010000,true,
2025-08-03 14:01:48.420863+00,book,btc_jpy,bid,16852793.000000,0.015000,true,
2025-08-03 14:01:48.420863+00,book,btc_jpy,bid,16853268.000000,0.030000,true,
2025-08-03 14:01:48.420863+00,book,btc_jpy,bid,16853994.000000,0.003000,true,
2025-08-03 14:01:48.420863+00,book,btc_jpy,bid,16850594.000000,0.000000,true,
2025-08-03 14:01:48.420863+00,book,btc_jpy,bid,16852216.000000,0.000000,true,
2025-08-03 14:01:48.420863+00,book,btc_jpy,bid,16852662.000000,0.000000,true,
2025-08-03 14:01:48.420863+00,book,btc_jpy,bid,16853032.000000,0.000000,true,
2025-08-03 14:01:48.420863+00,book,btc_jpy,bid,16853057.000000,0.000000,true,
2025-08-03 14:01:48.420863+00,book,btc_jpy,bid,16853720.000000,0.000000,true,
2025-08-03 14:01:48.777436+00,book,btc_jpy,ask,16933837.000000,0.002370,true,
2025-08-03 14:01:48.777436+00,book,btc_jpy,ask,16933859.000000,0.000000,true,
2025-08-03 14:01:48.777436+00,book,btc_jpy,bid,16790442.000000,0.020000,true,
2025-08-03 14:01:49.112866+00,book,btc_jpy,ask,16859091.000000,0.043909,true,
2025-08-03 14:01:49.112866+00,book,btc_jpy,bid,16824169.000000,0.002370,true,
2025-08-03 14:01:49.112866+00,book,btc_jpy,bid,16855215.000000,0.039945,true,
2025-08-03 14:01:49.112866+00,book,btc_jpy,bid,16823881.000000,0.000000,true,
2025-08-03 14:01:49.112866+00,book,btc_jpy,bid,16853268.000000,0.000000,true,
2025-08-03 14:01:49.112866+00,book,btc_jpy,bid,16854812.000000,0.000000,true,
2025-08-03 14:01:49.460133+00,book,btc_jpy,ask,16864555.000000,0.015000,true,
2025-08-03 14:01:49.460133+00,book,btc_jpy,ask,16859300.000000,0.100000,true,
2025-08-03 14:01:49.460133+00,book,btc_jpy,ask,16859082.000000,0.030000,true,
2025-08-03 14:01:49.460133+00,book,btc_jpy,ask,16864664.000000,0.000000,true,
2025-08-03 14:01:49.460133+00,book,btc_jpy,ask,16860102.000000,0.000000,true,
2025-08-03 14:01:49.460133+00,book,btc_jpy,ask,16859091.000000,0.000000,true,
2025-08-03 14:01:49.460133+00,book,btc_jpy,bid,16823900.000000,0.002370,true,
2025-08-03 14:01:49.460133+00,book,btc_jpy,bid,16844745.000000,0.005000,true,
2025-08-03 14:01:49.460133+00,book,btc_jpy,bid,16846663.000000,0.020000,true,
2025-08-03 14:01:49.460133+00,book,btc_jpy,bid,16852067.000000,0.010000,true,
2025-08-03 14:01:49.460133+00,book,btc_jpy,bid,16852683.000000,0.015000,true,
2025-08-03 14:01:49.460133+00,book,btc_jpy,bid,16853279.000000,0.030000,true,
2025-08-03 14:01:49.460133+00,book,btc_jpy,bid,16823880.000000,0.000000,true,
2025-08-03 14:01:49.460133+00,book,btc_jpy,bid,16846629.000000,0.000000,true,
2025-08-03 14:01:49.460133+00,book,btc_jpy,bid,16852449.000000,0.000000,true,
2025-08-03 14:01:49.460133+00,book,btc_jpy,bid,16852793.000000,0.000000,true,
2025-08-03 14:01:49.460133+00,book,btc_jpy,bid,16853994.000000,0.000000,true,
